[{"model": "admin.logentry", "pk": 1, "fields": {"action_time": "2019-10-01T15:04:29.895Z", "user": 1, "content_type": 1, "object_id": "1", "object_repr": "Post object (1)", "action_flag": 1, "change_message": "[{\"added\": {}}]"}}, {"model": "admin.logentry", "pk": 2, "fields": {"action_time": "2019-10-05T18:27:05.802Z", "user": 1, "content_type": 1, "object_id": "1", "object_repr": "Привет, я текст!", "action_flag": 2, "change_message": "[{\"changed\": {\"fields\": [\"text\"]}}]"}}, {"model": "admin.logentry", "pk": 3, "fields": {"action_time": "2019-10-05T21:46:37.886Z", "user": 1, "content_type": 1, "object_id": "1", "object_repr": "Привет, я текст!", "action_flag": 3, "change_message": ""}}, {"model": "admin.logentry", "pk": 4, "fields": {"action_time": "2021-12-19T07:52:39.441Z", "user": 3, "content_type": 8, "object_id": "1", "object_repr": "Писатели XIX века", "action_flag": 1, "change_message": "[{\"added\": {}}]"}}, {"model": "admin.logentry", "pk": 5, "fields": {"action_time": "2021-12-19T07:53:46.498Z", "user": 3, "content_type": 8, "object_id": "2", "object_repr": "Драматурги", "action_flag": 1, "change_message": "[{\"added\": {}}]"}}, {"model": "admin.logentry", "pk": 6, "fields": {"action_time": "2021-12-21T08:44:37.062Z", "user": 3, "content_type": 1, "object_id": "37", "object_repr": "Post object (37)", "action_flag": 2, "change_message": "[{\"changed\": {\"fields\": [\"group\"]}}]"}}, {"model": "admin.logentry", "pk": 7, "fields": {"action_time": "2021-12-21T08:44:37.072Z", "user": 3, "content_type": 1, "object_id": "36", "object_repr": "Post object (36)", "action_flag": 2, "change_message": "[{\"changed\": {\"fields\": [\"group\"]}}]"}}, {"model": "admin.logentry", "pk": 8, "fields": {"action_time": "2021-12-21T08:44:37.083Z", "user": 3, "content_type": 1, "object_id": "35", "object_repr": "Post object (35)", "action_flag": 2, "change_message": "[{\"changed\": {\"fields\": [\"group\"]}}]"}}, {"model": "admin.logentry", "pk": 9, "fields": {"action_time": "2021-12-21T08:44:37.093Z", "user": 3, "content_type": 1, "object_id": "34", "object_repr": "Post object (34)", "action_flag": 2, "change_message": "[{\"changed\": {\"fields\": [\"group\"]}}]"}}, {"model": "admin.logentry", "pk": 10, "fields": {"action_time": "2021-12-21T08:44:37.101Z", "user": 3, "content_type": 1, "object_id": "33", "object_repr": "Post object (33)", "action_flag": 2, "change_message": "[{\"changed\": {\"fields\": [\"group\"]}}]"}}, {"model": "admin.logentry", "pk": 11, "fields": {"action_time": "2021-12-21T08:44:37.110Z", "user": 3, "content_type": 1, "object_id": "32", "object_repr": "Post object (32)", "action_flag": 2, "change_message": "[{\"changed\": {\"fields\": [\"group\"]}}]"}}, {"model": "admin.logentry", "pk": 12, "fields": {"action_time": "2021-12-21T08:44:37.120Z", "user": 3, "content_type": 1, "object_id": "31", "object_repr": "Post object (31)", "action_flag": 2, "change_message": "[{\"changed\": {\"fields\": [\"group\"]}}]"}}, {"model": "admin.logentry", "pk": 13, "fields": {"action_time": "2021-12-21T08:44:37.129Z", "user": 3, "content_type": 1, "object_id": "30", "object_repr": "Post object (30)", "action_flag": 2, "change_message": "[{\"changed\": {\"fields\": [\"group\"]}}]"}}, {"model": "admin.logentry", "pk": 14, "fields": {"action_time": "2021-12-21T08:44:37.139Z", "user": 3, "content_type": 1, "object_id": "29", "object_repr": "Post object (29)", "action_flag": 2, "change_message": "[{\"changed\": {\"fields\": [\"group\"]}}]"}}, {"model": "admin.logentry", "pk": 15, "fields": {"action_time": "2021-12-21T08:44:37.148Z", "user": 3, "content_type": 1, "object_id": "28", "object_repr": "Post object (28)", "action_flag": 2, "change_message": "[{\"changed\": {\"fields\": [\"group\"]}}]"}}, {"model": "admin.logentry", "pk": 16, "fields": {"action_time": "2021-12-21T08:53:20.942Z", "user": 3, "content_type": 1, "object_id": "27", "object_repr": "Post object (27)", "action_flag": 2, "change_message": "[{\"changed\": {\"fields\": [\"group\"]}}]"}}, {"model": "admin.logentry", "pk": 17, "fields": {"action_time": "2021-12-21T08:53:20.953Z", "user": 3, "content_type": 1, "object_id": "26", "object_repr": "Post object (26)", "action_flag": 2, "change_message": "[{\"changed\": {\"fields\": [\"group\"]}}]"}}, {"model": "admin.logentry", "pk": 18, "fields": {"action_time": "2021-12-21T08:53:20.962Z", "user": 3, "content_type": 1, "object_id": "25", "object_repr": "Post object (25)", "action_flag": 2, "change_message": "[{\"changed\": {\"fields\": [\"group\"]}}]"}}, {"model": "admin.logentry", "pk": 19, "fields": {"action_time": "2021-12-21T08:53:20.970Z", "user": 3, "content_type": 1, "object_id": "24", "object_repr": "Post object (24)", "action_flag": 2, "change_message": "[{\"changed\": {\"fields\": [\"group\"]}}]"}}, {"model": "admin.logentry", "pk": 20, "fields": {"action_time": "2021-12-21T08:53:20.978Z", "user": 3, "content_type": 1, "object_id": "23", "object_repr": "Post object (23)", "action_flag": 2, "change_message": "[{\"changed\": {\"fields\": [\"group\"]}}]"}}, {"model": "admin.logentry", "pk": 21, "fields": {"action_time": "2021-12-21T08:53:20.987Z", "user": 3, "content_type": 1, "object_id": "22", "object_repr": "Post object (22)", "action_flag": 2, "change_message": "[{\"changed\": {\"fields\": [\"group\"]}}]"}}, {"model": "admin.logentry", "pk": 22, "fields": {"action_time": "2021-12-21T08:53:20.997Z", "user": 3, "content_type": 1, "object_id": "21", "object_repr": "Post object (21)", "action_flag": 2, "change_message": "[{\"changed\": {\"fields\": [\"group\"]}}]"}}, {"model": "admin.logentry", "pk": 23, "fields": {"action_time": "2021-12-21T08:53:21.006Z", "user": 3, "content_type": 1, "object_id": "20", "object_repr": "Post object (20)", "action_flag": 2, "change_message": "[{\"changed\": {\"fields\": [\"group\"]}}]"}}, {"model": "admin.logentry", "pk": 24, "fields": {"action_time": "2021-12-21T08:53:21.016Z", "user": 3, "content_type": 1, "object_id": "19", "object_repr": "Post object (19)", "action_flag": 2, "change_message": "[{\"changed\": {\"fields\": [\"group\"]}}]"}}, {"model": "admin.logentry", "pk": 25, "fields": {"action_time": "2021-12-21T08:53:21.025Z", "user": 3, "content_type": 1, "object_id": "18", "object_repr": "Post object (18)", "action_flag": 2, "change_message": "[{\"changed\": {\"fields\": [\"group\"]}}]"}}, {"model": "admin.logentry", "pk": 26, "fields": {"action_time": "2021-12-21T08:53:21.034Z", "user": 3, "content_type": 1, "object_id": "17", "object_repr": "Post object (17)", "action_flag": 2, "change_message": "[{\"changed\": {\"fields\": [\"group\"]}}]"}}, {"model": "admin.logentry", "pk": 27, "fields": {"action_time": "2021-12-21T08:53:21.044Z", "user": 3, "content_type": 1, "object_id": "16", "object_repr": "Post object (16)", "action_flag": 2, "change_message": "[{\"changed\": {\"fields\": [\"group\"]}}]"}}, {"model": "admin.logentry", "pk": 28, "fields": {"action_time": "2021-12-21T08:53:21.053Z", "user": 3, "content_type": 1, "object_id": "15", "object_repr": "Post object (15)", "action_flag": 2, "change_message": "[{\"changed\": {\"fields\": [\"group\"]}}]"}}, {"model": "admin.logentry", "pk": 29, "fields": {"action_time": "2021-12-21T08:53:21.063Z", "user": 3, "content_type": 1, "object_id": "14", "object_repr": "Post object (14)", "action_flag": 2, "change_message": "[{\"changed\": {\"fields\": [\"group\"]}}]"}}, {"model": "admin.logentry", "pk": 30, "fields": {"action_time": "2021-12-21T08:53:21.072Z", "user": 3, "content_type": 1, "object_id": "13", "object_repr": "Post object (13)", "action_flag": 2, "change_message": "[{\"changed\": {\"fields\": [\"group\"]}}]"}}, {"model": "admin.logentry", "pk": 31, "fields": {"action_time": "2021-12-21T08:53:21.080Z", "user": 3, "content_type": 1, "object_id": "12", "object_repr": "Post object (12)", "action_flag": 2, "change_message": "[{\"changed\": {\"fields\": [\"group\"]}}]"}}, {"model": "admin.logentry", "pk": 32, "fields": {"action_time": "2021-12-21T08:53:21.090Z", "user": 3, "content_type": 1, "object_id": "11", "object_repr": "Post object (11)", "action_flag": 2, "change_message": "[{\"changed\": {\"fields\": [\"group\"]}}]"}}, {"model": "admin.logentry", "pk": 33, "fields": {"action_time": "2021-12-21T08:53:21.099Z", "user": 3, "content_type": 1, "object_id": "10", "object_repr": "Post object (10)", "action_flag": 2, "change_message": "[{\"changed\": {\"fields\": [\"group\"]}}]"}}, {"model": "admin.logentry", "pk": 34, "fields": {"action_time": "2021-12-21T08:53:21.108Z", "user": 3, "content_type": 1, "object_id": "9", "object_repr": "Post object (9)", "action_flag": 2, "change_message": "[{\"changed\": {\"fields\": [\"group\"]}}]"}}, {"model": "admin.logentry", "pk": 35, "fields": {"action_time": "2021-12-21T08:53:21.117Z", "user": 3, "content_type": 1, "object_id": "8", "object_repr": "Post object (8)", "action_flag": 2, "change_message": "[{\"changed\": {\"fields\": [\"group\"]}}]"}}, {"model": "admin.logentry", "pk": 36, "fields": {"action_time": "2021-12-21T08:53:21.125Z", "user": 3, "content_type": 1, "object_id": "7", "object_repr": "Post object (7)", "action_flag": 2, "change_message": "[{\"changed\": {\"fields\": [\"group\"]}}]"}}, {"model": "admin.logentry", "pk": 37, "fields": {"action_time": "2021-12-21T08:53:21.134Z", "user": 3, "content_type": 1, "object_id": "6", "object_repr": "Post object (6)", "action_flag": 2, "change_message": "[{\"changed\": {\"fields\": [\"group\"]}}]"}}, {"model": "admin.logentry", "pk": 38, "fields": {"action_time": "2021-12-21T08:53:21.143Z", "user": 3, "content_type": 1, "object_id": "5", "object_repr": "Post object (5)", "action_flag": 2, "change_message": "[{\"changed\": {\"fields\": [\"group\"]}}]"}}, {"model": "admin.logentry", "pk": 39, "fields": {"action_time": "2021-12-21T08:53:21.153Z", "user": 3, "content_type": 1, "object_id": "4", "object_repr": "Post object (4)", "action_flag": 2, "change_message": "[{\"changed\": {\"fields\": [\"group\"]}}]"}}, {"model": "admin.logentry", "pk": 40, "fields": {"action_time": "2021-12-21T08:53:21.162Z", "user": 3, "content_type": 1, "object_id": "3", "object_repr": "Post object (3)", "action_flag": 2, "change_message": "[{\"changed\": {\"fields\": [\"group\"]}}]"}}, {"model": "admin.logentry", "pk": 41, "fields": {"action_time": "2021-12-21T08:53:21.170Z", "user": 3, "content_type": 1, "object_id": "2", "object_repr": "Post object (2)", "action_flag": 2, "change_message": "[{\"changed\": {\"fields\": [\"group\"]}}]"}}, {"model": "admin.logentry", "pk": 42, "fields": {"action_time": "2021-12-21T09:11:03.443Z", "user": 3, "content_type": 1, "object_id": "20", "object_repr": "Post object (20)", "action_flag": 2, "change_message": "[{\"changed\": {\"fields\": [\"group\"]}}]"}}, {"model": "admin.logentry", "pk": 43, "fields": {"action_time": "2021-12-21T09:11:03.453Z", "user": 3, "content_type": 1, "object_id": "19", "object_repr": "Post object (19)", "action_flag": 2, "change_message": "[{\"changed\": {\"fields\": [\"group\"]}}]"}}, {"model": "admin.logentry", "pk": 44, "fields": {"action_time": "2021-12-21T09:11:03.462Z", "user": 3, "content_type": 1, "object_id": "18", "object_repr": "Post object (18)", "action_flag": 2, "change_message": "[{\"changed\": {\"fields\": [\"group\"]}}]"}}, {"model": "admin.logentry", "pk": 45, "fields": {"action_time": "2021-12-21T09:11:03.472Z", "user": 3, "content_type": 1, "object_id": "17", "object_repr": "Post object (17)", "action_flag": 2, "change_message": "[{\"changed\": {\"fields\": [\"group\"]}}]"}}, {"model": "admin.logentry", "pk": 46, "fields": {"action_time": "2021-12-21T09:11:03.482Z", "user": 3, "content_type": 1, "object_id": "16", "object_repr": "Post object (16)", "action_flag": 2, "change_message": "[{\"changed\": {\"fields\": [\"group\"]}}]"}}, {"model": "admin.logentry", "pk": 47, "fields": {"action_time": "2021-12-21T09:11:03.493Z", "user": 3, "content_type": 1, "object_id": "15", "object_repr": "Post object (15)", "action_flag": 2, "change_message": "[{\"changed\": {\"fields\": [\"group\"]}}]"}}, {"model": "admin.logentry", "pk": 48, "fields": {"action_time": "2021-12-21T09:11:03.502Z", "user": 3, "content_type": 1, "object_id": "14", "object_repr": "Post object (14)", "action_flag": 2, "change_message": "[{\"changed\": {\"fields\": [\"group\"]}}]"}}, {"model": "admin.logentry", "pk": 49, "fields": {"action_time": "2021-12-21T09:11:03.510Z", "user": 3, "content_type": 1, "object_id": "13", "object_repr": "Post object (13)", "action_flag": 2, "change_message": "[{\"changed\": {\"fields\": [\"group\"]}}]"}}, {"model": "admin.logentry", "pk": 50, "fields": {"action_time": "2021-12-21T09:11:03.520Z", "user": 3, "content_type": 1, "object_id": "12", "object_repr": "Post object (12)", "action_flag": 2, "change_message": "[{\"changed\": {\"fields\": [\"group\"]}}]"}}, {"model": "admin.logentry", "pk": 51, "fields": {"action_time": "2021-12-21T09:11:03.530Z", "user": 3, "content_type": 1, "object_id": "11", "object_repr": "Post object (11)", "action_flag": 2, "change_message": "[{\"changed\": {\"fields\": [\"group\"]}}]"}}, {"model": "admin.logentry", "pk": 52, "fields": {"action_time": "2021-12-21T09:11:03.540Z", "user": 3, "content_type": 1, "object_id": "10", "object_repr": "Post object (10)", "action_flag": 2, "change_message": "[{\"changed\": {\"fields\": [\"group\"]}}]"}}, {"model": "admin.logentry", "pk": 53, "fields": {"action_time": "2021-12-21T09:11:03.550Z", "user": 3, "content_type": 1, "object_id": "9", "object_repr": "Post object (9)", "action_flag": 2, "change_message": "[{\"changed\": {\"fields\": [\"group\"]}}]"}}, {"model": "admin.logentry", "pk": 54, "fields": {"action_time": "2021-12-21T09:11:03.560Z", "user": 3, "content_type": 1, "object_id": "8", "object_repr": "Post object (8)", "action_flag": 2, "change_message": "[{\"changed\": {\"fields\": [\"group\"]}}]"}}, {"model": "admin.logentry", "pk": 55, "fields": {"action_time": "2021-12-21T09:11:03.569Z", "user": 3, "content_type": 1, "object_id": "7", "object_repr": "Post object (7)", "action_flag": 2, "change_message": "[{\"changed\": {\"fields\": [\"group\"]}}]"}}, {"model": "admin.logentry", "pk": 56, "fields": {"action_time": "2021-12-21T09:11:03.579Z", "user": 3, "content_type": 1, "object_id": "6", "object_repr": "Post object (6)", "action_flag": 2, "change_message": "[{\"changed\": {\"fields\": [\"group\"]}}]"}}, {"model": "admin.logentry", "pk": 57, "fields": {"action_time": "2021-12-21T09:11:03.589Z", "user": 3, "content_type": 1, "object_id": "5", "object_repr": "Post object (5)", "action_flag": 2, "change_message": "[{\"changed\": {\"fields\": [\"group\"]}}]"}}, {"model": "admin.logentry", "pk": 58, "fields": {"action_time": "2021-12-21T09:11:03.599Z", "user": 3, "content_type": 1, "object_id": "4", "object_repr": "Post object (4)", "action_flag": 2, "change_message": "[{\"changed\": {\"fields\": [\"group\"]}}]"}}, {"model": "admin.logentry", "pk": 59, "fields": {"action_time": "2021-12-21T09:11:03.608Z", "user": 3, "content_type": 1, "object_id": "3", "object_repr": "Post object (3)", "action_flag": 2, "change_message": "[{\"changed\": {\"fields\": [\"group\"]}}]"}}, {"model": "admin.logentry", "pk": 60, "fields": {"action_time": "2021-12-21T09:11:03.617Z", "user": 3, "content_type": 1, "object_id": "2", "object_repr": "Post object (2)", "action_flag": 2, "change_message": "[{\"changed\": {\"fields\": [\"group\"]}}]"}}, {"model": "admin.logentry", "pk": 61, "fields": {"action_time": "2021-12-21T09:11:40.422Z", "user": 3, "content_type": 1, "object_id": "37", "object_repr": "Post object (37)", "action_flag": 2, "change_message": "[{\"changed\": {\"fields\": [\"group\"]}}]"}}, {"model": "admin.logentry", "pk": 62, "fields": {"action_time": "2021-12-21T09:11:40.431Z", "user": 3, "content_type": 1, "object_id": "36", "object_repr": "Post object (36)", "action_flag": 2, "change_message": "[{\"changed\": {\"fields\": [\"group\"]}}]"}}, {"model": "admin.logentry", "pk": 63, "fields": {"action_time": "2021-12-21T09:11:40.441Z", "user": 3, "content_type": 1, "object_id": "35", "object_repr": "Post object (35)", "action_flag": 2, "change_message": "[{\"changed\": {\"fields\": [\"group\"]}}]"}}, {"model": "admin.logentry", "pk": 64, "fields": {"action_time": "2021-12-21T09:11:40.450Z", "user": 3, "content_type": 1, "object_id": "34", "object_repr": "Post object (34)", "action_flag": 2, "change_message": "[{\"changed\": {\"fields\": [\"group\"]}}]"}}, {"model": "admin.logentry", "pk": 65, "fields": {"action_time": "2021-12-21T09:11:40.458Z", "user": 3, "content_type": 1, "object_id": "33", "object_repr": "Post object (33)", "action_flag": 2, "change_message": "[{\"changed\": {\"fields\": [\"group\"]}}]"}}, {"model": "admin.logentry", "pk": 66, "fields": {"action_time": "2021-12-21T09:11:40.467Z", "user": 3, "content_type": 1, "object_id": "32", "object_repr": "Post object (32)", "action_flag": 2, "change_message": "[{\"changed\": {\"fields\": [\"group\"]}}]"}}, {"model": "admin.logentry", "pk": 67, "fields": {"action_time": "2021-12-21T09:11:40.477Z", "user": 3, "content_type": 1, "object_id": "31", "object_repr": "Post object (31)", "action_flag": 2, "change_message": "[{\"changed\": {\"fields\": [\"group\"]}}]"}}, {"model": "admin.logentry", "pk": 68, "fields": {"action_time": "2021-12-21T09:11:40.486Z", "user": 3, "content_type": 1, "object_id": "30", "object_repr": "Post object (30)", "action_flag": 2, "change_message": "[{\"changed\": {\"fields\": [\"group\"]}}]"}}, {"model": "admin.logentry", "pk": 69, "fields": {"action_time": "2021-12-21T09:11:40.495Z", "user": 3, "content_type": 1, "object_id": "29", "object_repr": "Post object (29)", "action_flag": 2, "change_message": "[{\"changed\": {\"fields\": [\"group\"]}}]"}}, {"model": "admin.logentry", "pk": 70, "fields": {"action_time": "2021-12-21T09:11:40.504Z", "user": 3, "content_type": 1, "object_id": "28", "object_repr": "Post object (28)", "action_flag": 2, "change_message": "[{\"changed\": {\"fields\": [\"group\"]}}]"}}, {"model": "admin.logentry", "pk": 71, "fields": {"action_time": "2021-12-21T09:11:40.514Z", "user": 3, "content_type": 1, "object_id": "27", "object_repr": "Post object (27)", "action_flag": 2, "change_message": "[{\"changed\": {\"fields\": [\"group\"]}}]"}}, {"model": "admin.logentry", "pk": 72, "fields": {"action_time": "2021-12-21T09:11:40.523Z", "user": 3, "content_type": 1, "object_id": "26", "object_repr": "Post object (26)", "action_flag": 2, "change_message": "[{\"changed\": {\"fields\": [\"group\"]}}]"}}, {"model": "admin.logentry", "pk": 73, "fields": {"action_time": "2021-12-21T09:11:40.532Z", "user": 3, "content_type": 1, "object_id": "25", "object_repr": "Post object (25)", "action_flag": 2, "change_message": "[{\"changed\": {\"fields\": [\"group\"]}}]"}}, {"model": "admin.logentry", "pk": 74, "fields": {"action_time": "2021-12-21T09:11:40.542Z", "user": 3, "content_type": 1, "object_id": "24", "object_repr": "Post object (24)", "action_flag": 2, "change_message": "[{\"changed\": {\"fields\": [\"group\"]}}]"}}, {"model": "admin.logentry", "pk": 75, "fields": {"action_time": "2021-12-21T09:11:40.551Z", "user": 3, "content_type": 1, "object_id": "23", "object_repr": "Post object (23)", "action_flag": 2, "change_message": "[{\"changed\": {\"fields\": [\"group\"]}}]"}}, {"model": "admin.logentry", "pk": 76, "fields": {"action_time": "2021-12-21T09:11:40.560Z", "user": 3, "content_type": 1, "object_id": "22", "object_repr": "Post object (22)", "action_flag": 2, "change_message": "[{\"changed\": {\"fields\": [\"group\"]}}]"}}, {"model": "admin.logentry", "pk": 77, "fields": {"action_time": "2021-12-21T09:11:40.568Z", "user": 3, "content_type": 1, "object_id": "21", "object_repr": "Post object (21)", "action_flag": 2, "change_message": "[{\"changed\": {\"fields\": [\"group\"]}}]"}}, {"model": "admin.logentry", "pk": 78, "fields": {"action_time": "2021-12-21T09:13:00.602Z", "user": 3, "content_type": 1, "object_id": "37", "object_repr": "Post object (37)", "action_flag": 2, "change_message": "[{\"changed\": {\"fields\": [\"group\"]}}]"}}, {"model": "admin.logentry", "pk": 79, "fields": {"action_time": "2021-12-21T09:17:27.944Z", "user": 3, "content_type": 1, "object_id": "36", "object_repr": "Post object (36)", "action_flag": 2, "change_message": "[{\"changed\": {\"fields\": [\"group\"]}}]"}}, {"model": "admin.logentry", "pk": 80, "fields": {"action_time": "2021-12-21T09:17:27.953Z", "user": 3, "content_type": 1, "object_id": "35", "object_repr": "Post object (35)", "action_flag": 2, "change_message": "[{\"changed\": {\"fields\": [\"group\"]}}]"}}, {"model": "admin.logentry", "pk": 81, "fields": {"action_time": "2021-12-21T09:17:27.963Z", "user": 3, "content_type": 1, "object_id": "34", "object_repr": "Post object (34)", "action_flag": 2, "change_message": "[{\"changed\": {\"fields\": [\"group\"]}}]"}}, {"model": "admin.logentry", "pk": 82, "fields": {"action_time": "2021-12-21T09:58:02.891Z", "user": 3, "content_type": 1, "object_id": "8", "object_repr": "Post object (8)", "action_flag": 2, "change_message": "[{\"changed\": {\"fields\": [\"group\"]}}]"}}, {"model": "admin.logentry", "pk": 83, "fields": {"action_time": "2021-12-21T09:58:02.899Z", "user": 3, "content_type": 1, "object_id": "7", "object_repr": "Post object (7)", "action_flag": 2, "change_message": "[{\"changed\": {\"fields\": [\"group\"]}}]"}}, {"model": "admin.logentry", "pk": 84, "fields": {"action_time": "2021-12-21T09:58:02.908Z", "user": 3, "content_type": 1, "object_id": "6", "object_repr": "Post object (6)", "action_flag": 2, "change_message": "[{\"changed\": {\"fields\": [\"group\"]}}]"}}, {"model": "admin.logentry", "pk": 85, "fields": {"action_time": "2021-12-21T09:58:02.916Z", "user": 3, "content_type": 1, "object_id": "5", "object_repr": "Post object (5)", "action_flag": 2, "change_message": "[{\"changed\": {\"fields\": [\"group\"]}}]"}}, {"model": "admin.logentry", "pk": 86, "fields": {"action_time": "2021-12-21T09:58:02.925Z", "user": 3, "content_type": 1, "object_id": "4", "object_repr": "Post object (4)", "action_flag": 2, "change_message": "[{\"changed\": {\"fields\": [\"group\"]}}]"}}, {"model": "admin.logentry", "pk": 87, "fields": {"action_time": "2021-12-21T09:58:02.933Z", "user": 3, "content_type": 1, "object_id": "3", "object_repr": "Post object (3)", "action_flag": 2, "change_message": "[{\"changed\": {\"fields\": [\"group\"]}}]"}}, {"model": "admin.logentry", "pk": 88, "fields": {"action_time": "2021-12-21T09:58:02.941Z", "user": 3, "content_type": 1, "object_id": "2", "object_repr": "Post object (2)", "action_flag": 2, "change_message": "[{\"changed\": {\"fields\": [\"group\"]}}]"}}, {"model": "admin.logentry", "pk": 89, "fields": {"action_time": "2021-12-22T07:28:43.553Z", "user": 3, "content_type": 1, "object_id": "33", "object_repr": "Post object (33)", "action_flag": 2, "change_message": "[{\"changed\": {\"fields\": [\"group\"]}}]"}}, {"model": "admin.logentry", "pk": 90, "fields": {"action_time": "2021-12-22T07:28:43.563Z", "user": 3, "content_type": 1, "object_id": "32", "object_repr": "Post object (32)", "action_flag": 2, "change_message": "[{\"changed\": {\"fields\": [\"group\"]}}]"}}, {"model": "admin.logentry", "pk": 91, "fields": {"action_time": "2021-12-22T07:28:43.574Z", "user": 3, "content_type": 1, "object_id": "31", "object_repr": "Post object (31)", "action_flag": 2, "change_message": "[{\"changed\": {\"fields\": [\"group\"]}}]"}}, {"model": "admin.logentry", "pk": 92, "fields": {"action_time": "2021-12-22T07:28:43.584Z", "user": 3, "content_type": 1, "object_id": "30", "object_repr": "Post object (30)", "action_flag": 2, "change_message": "[{\"changed\": {\"fields\": [\"group\"]}}]"}}, {"model": "admin.logentry", "pk": 93, "fields": {"action_time": "2021-12-22T07:28:43.594Z", "user": 3, "content_type": 1, "object_id": "29", "object_repr": "Post object (29)", "action_flag": 2, "change_message": "[{\"changed\": {\"fields\": [\"group\"]}}]"}}, {"model": "admin.logentry", "pk": 94, "fields": {"action_time": "2021-12-22T07:28:43.603Z", "user": 3, "content_type": 1, "object_id": "28", "object_repr": "Post object (28)", "action_flag": 2, "change_message": "[{\"changed\": {\"fields\": [\"group\"]}}]"}}, {"model": "admin.logentry", "pk": 95, "fields": {"action_time": "2021-12-22T07:28:43.613Z", "user": 3, "content_type": 1, "object_id": "27", "object_repr": "Post object (27)", "action_flag": 2, "change_message": "[{\"changed\": {\"fields\": [\"group\"]}}]"}}, {"model": "admin.logentry", "pk": 96, "fields": {"action_time": "2021-12-22T07:28:43.623Z", "user": 3, "content_type": 1, "object_id": "26", "object_repr": "Post object (26)", "action_flag": 2, "change_message": "[{\"changed\": {\"fields\": [\"group\"]}}]"}}, {"model": "admin.logentry", "pk": 97, "fields": {"action_time": "2021-12-22T07:28:43.632Z", "user": 3, "content_type": 1, "object_id": "25", "object_repr": "Post object (25)", "action_flag": 2, "change_message": "[{\"changed\": {\"fields\": [\"group\"]}}]"}}, {"model": "admin.logentry", "pk": 98, "fields": {"action_time": "2021-12-22T07:28:43.642Z", "user": 3, "content_type": 1, "object_id": "24", "object_repr": "Post object (24)", "action_flag": 2, "change_message": "[{\"changed\": {\"fields\": [\"group\"]}}]"}}, {"model": "admin.logentry", "pk": 99, "fields": {"action_time": "2021-12-22T07:28:43.652Z", "user": 3, "content_type": 1, "object_id": "23", "object_repr": "Post object (23)", "action_flag": 2, "change_message": "[{\"changed\": {\"fields\": [\"group\"]}}]"}}, {"model": "admin.logentry", "pk": 100, "fields": {"action_time": "2021-12-22T07:28:43.661Z", "user": 3, "content_type": 1, "object_id": "22", "object_repr": "Post object (22)", "action_flag": 2, "change_message": "[{\"changed\": {\"fields\": [\"group\"]}}]"}}, {"model": "admin.logentry", "pk": 101, "fields": {"action_time": "2021-12-22T07:28:43.671Z", "user": 3, "content_type": 1, "object_id": "21", "object_repr": "Post object (21)", "action_flag": 2, "change_message": "[{\"changed\": {\"fields\": [\"group\"]}}]"}}, {"model": "admin.logentry", "pk": 102, "fields": {"action_time": "2021-12-22T07:28:43.680Z", "user": 3, "content_type": 1, "object_id": "20", "object_repr": "Post object (20)", "action_flag": 2, "change_message": "[{\"changed\": {\"fields\": [\"group\"]}}]"}}, {"model": "admin.logentry", "pk": 103, "fields": {"action_time": "2021-12-22T07:28:43.690Z", "user": 3, "content_type": 1, "object_id": "19", "object_repr": "Post object (19)", "action_flag": 2, "change_message": "[{\"changed\": {\"fields\": [\"group\"]}}]"}}, {"model": "admin.logentry", "pk": 104, "fields": {"action_time": "2021-12-22T07:28:43.700Z", "user": 3, "content_type": 1, "object_id": "18", "object_repr": "Post object (18)", "action_flag": 2, "change_message": "[{\"changed\": {\"fields\": [\"group\"]}}]"}}, {"model": "admin.logentry", "pk": 105, "fields": {"action_time": "2021-12-22T07:28:43.709Z", "user": 3, "content_type": 1, "object_id": "17", "object_repr": "Post object (17)", "action_flag": 2, "change_message": "[{\"changed\": {\"fields\": [\"group\"]}}]"}}, {"model": "admin.logentry", "pk": 106, "fields": {"action_time": "2021-12-22T07:28:43.719Z", "user": 3, "content_type": 1, "object_id": "16", "object_repr": "Post object (16)", "action_flag": 2, "change_message": "[{\"changed\": {\"fields\": [\"group\"]}}]"}}, {"model": "admin.logentry", "pk": 107, "fields": {"action_time": "2021-12-22T07:28:43.729Z", "user": 3, "content_type": 1, "object_id": "15", "object_repr": "Post object (15)", "action_flag": 2, "change_message": "[{\"changed\": {\"fields\": [\"group\"]}}]"}}, {"model": "admin.logentry", "pk": 108, "fields": {"action_time": "2021-12-22T07:28:43.739Z", "user": 3, "content_type": 1, "object_id": "14", "object_repr": "Post object (14)", "action_flag": 2, "change_message": "[{\"changed\": {\"fields\": [\"group\"]}}]"}}, {"model": "admin.logentry", "pk": 109, "fields": {"action_time": "2021-12-22T07:28:43.749Z", "user": 3, "content_type": 1, "object_id": "13", "object_repr": "Post object (13)", "action_flag": 2, "change_message": "[{\"changed\": {\"fields\": [\"group\"]}}]"}}, {"model": "admin.logentry", "pk": 110, "fields": {"action_time": "2021-12-22T07:28:43.759Z", "user": 3, "content_type": 1, "object_id": "12", "object_repr": "Post object (12)", "action_flag": 2, "change_message": "[{\"changed\": {\"fields\": [\"group\"]}}]"}}, {"model": "admin.logentry", "pk": 111, "fields": {"action_time": "2021-12-22T07:28:43.768Z", "user": 3, "content_type": 1, "object_id": "11", "object_repr": "Post object (11)", "action_flag": 2, "change_message": "[{\"changed\": {\"fields\": [\"group\"]}}]"}}, {"model": "admin.logentry", "pk": 112, "fields": {"action_time": "2021-12-22T07:28:43.777Z", "user": 3, "content_type": 1, "object_id": "10", "object_repr": "Post object (10)", "action_flag": 2, "change_message": "[{\"changed\": {\"fields\": [\"group\"]}}]"}}, {"model": "admin.logentry", "pk": 113, "fields": {"action_time": "2021-12-22T07:28:43.785Z", "user": 3, "content_type": 1, "object_id": "9", "object_repr": "Post object (9)", "action_flag": 2, "change_message": "[{\"changed\": {\"fields\": [\"group\"]}}]"}}, {"model": "admin.logentry", "pk": 114, "fields": {"action_time": "2021-12-22T07:34:21.373Z", "user": 3, "content_type": 8, "object_id": "1", "object_repr": "Писатели XIX века", "action_flag": 2, "change_message": "[{\"changed\": {\"fields\": [\"slug\"]}}]"}}, {"model": "admin.logentry", "pk": 115, "fields": {"action_time": "2021-12-22T07:34:24.772Z", "user": 3, "content_type": 8, "object_id": "1", "object_repr": "Писатели XIX века", "action_flag": 2, "change_message": "[]"}}, {"model": "admin.logentry", "pk": 116, "fields": {"action_time": "2021-12-22T07:34:45.966Z", "user": 3, "content_type": 8, "object_id": "2", "object_repr": "Драматурги", "action_flag": 2, "change_message": "[{\"changed\": {\"fields\": [\"slug\"]}}]"}}, {"model": "admin.logentry", "pk": 117, "fields": {"action_time": "2021-12-22T07:34:49.686Z", "user": 3, "content_type": 8, "object_id": "1", "object_repr": "Писатели XIX века", "action_flag": 2, "change_message": "[]"}}, {"model": "admin.logentry", "pk": 118, "fields": {"action_time": "2021-12-22T13:05:52.558Z", "user": 3, "content_type": 8, "object_id": "2", "object_repr": "Драматурги", "action_flag": 2, "change_message": "[]"}}, {"model": "admin.logentry", "pk": 119, "fields": {"action_time": "2021-12-22T13:06:02.180Z", "user": 3, "content_type": 8, "object_id": "1", "object_repr": "Писатели XIX века", "action_flag": 2, "change_message": "[{\"changed\": {\"fields\": [\"slug\"]}}]"}}, {"model": "admin.logentry", "pk": 120, "fields": {"action_time": "2021-12-22T13:06:38.744Z", "user": 3, "content_type": 1, "object_id": "5", "object_repr": "Post object (5)", "action_flag": 2, "change_message": "[{\"changed\": {\"fields\": [\"group\"]}}]"}}, {"model": "admin.logentry", "pk": 121, "fields": {"action_time": "2021-12-22T13:06:38.754Z", "user": 3, "content_type": 1, "object_id": "4", "object_repr": "Post object (4)", "action_flag": 2, "change_message": "[{\"changed\": {\"fields\": [\"group\"]}}]"}}, {"model": "admin.logentry", "pk": 122, "fields": {"action_time": "2021-12-22T13:06:38.764Z", "user": 3, "content_type": 1, "object_id": "3", "object_repr": "Post object (3)", "action_flag": 2, "change_message": "[{\"changed\": {\"fields\": [\"group\"]}}]"}}, {"model": "admin.logentry", "pk": 123, "fields": {"action_time": "2021-12-22T13:06:38.774Z", "user": 3, "content_type": 1, "object_id": "2", "object_repr": "Post object (2)", "action_flag": 2, "change_message": "[{\"changed\": {\"fields\": [\"group\"]}}]"}}, {"model": "admin.logentry", "pk": 124, "fields": {"action_time": "2021-12-23T06:46:54.240Z", "user": 3, "content_type": 1, "object_id": "25", "object_repr": "Post object (25)", "action_flag": 2, "change_message": "[{\"changed\": {\"fields\": [\"group\"]}}]"}}, {"model": "admin.logentry", "pk": 125, "fields": {"action_time": "2021-12-23T06:46:54.249Z", "user": 3, "content_type": 1, "object_id": "22", "object_repr": "Post object (22)", "action_flag": 2, "change_message": "[{\"changed\": {\"fields\": [\"group\"]}}]"}}, {"model": "admin.logentry", "pk": 126, "fields": {"action_time": "2021-12-23T06:46:54.259Z", "user": 3, "content_type": 1, "object_id": "20", "object_repr": "Post object (20)", "action_flag": 2, "change_message": "[{\"changed\": {\"fields\": [\"group\"]}}]"}}, {"model": "admin.logentry", "pk": 127, "fields": {"action_time": "2021-12-23T06:46:54.268Z", "user": 3, "content_type": 1, "object_id": "16", "object_repr": "Post object (16)", "action_flag": 2, "change_message": "[{\"changed\": {\"fields\": [\"group\"]}}]"}}, {"model": "admin.logentry", "pk": 128, "fields": {"action_time": "2021-12-23T06:46:54.277Z", "user": 3, "content_type": 1, "object_id": "14", "object_repr": "Post object (14)", "action_flag": 2, "change_message": "[{\"changed\": {\"fields\": [\"group\"]}}]"}}, {"model": "admin.logentry", "pk": 129, "fields": {"action_time": "2021-12-23T06:46:54.287Z", "user": 3, "content_type": 1, "object_id": "10", "object_repr": "Post object (10)", "action_flag": 2, "change_message": "[{\"changed\": {\"fields\": [\"group\"]}}]"}}, {"model": "admin.logentry", "pk": 130, "fields": {"action_time": "2021-12-24T05:45:29.573Z", "user": 3, "content_type": 8, "object_id": "3", "object_repr": "Толстой", "action_flag": 1, "change_message": "[{\"added\": {}}]"}}, {"model": "admin.logentry", "pk": 131, "fields": {"action_time": "2021-12-24T05:45:46.344Z", "user": 3, "content_type": 1, "object_id": "37", "object_repr": "Post object (37)", "action_flag": 2, "change_message": "[{\"changed\": {\"fields\": [\"group\"]}}]"}}, {"model": "admin.logentry", "pk": 132, "fields": {"action_time": "2021-12-24T05:46:02.085Z", "user": 3, "content_type": 8, "object_id": "3", "object_repr": "Толстой", "action_flag": 3, "change_message": ""}}, {"model": "admin.logentry", "pk": 133, "fields": {"action_time": "2022-01-05T05:50:33.900Z", "user": 3, "content_type": 5, "object_id": "6", "object_repr": "test", "action_flag": 2, "change_message": "[{\"changed\": {\"fields\": [\"user_permissions\"]}}]"}}, {"model": "admin.logentry", "pk": 134, "fields": {"action_time": "2022-01-05T05:51:40.878Z", "user": 3, "content_type": 5, "object_id": "6", "object_repr": "test", "action_flag": 2, "change_message": "[{\"changed\": {\"fields\": [\"email\"]}}]"}}, {"model": "admin.logentry", "pk": 135, "fields": {"action_time": "2022-01-13T06:17:10.379Z", "user": 3, "content_type": 8, "object_id": "1", "object_repr": "Писатели XIX века", "action_flag": 2, "change_message": "[{\"changed\": {\"fields\": [\"slug\"]}}]"}}, {"model": "admin.logentry", "pk": 136, "fields": {"action_time": "2022-01-15T12:52:19.926Z", "user": 3, "content_type": 1, "object_id": "94", "object_repr": "Post object (94)", "action_flag": 3, "change_message": ""}}, {"model": "admin.logentry", "pk": 137, "fields": {"action_time": "2022-01-15T12:52:19.937Z", "user": 3, "content_type": 1, "object_id": "93", "object_repr": "Post object (93)", "action_flag": 3, "change_message": ""}}, {"model": "admin.logentry", "pk": 138, "fields": {"action_time": "2022-01-15T12:52:19.942Z", "user": 3, "content_type": 1, "object_id": "92", "object_repr": "Post object (92)", "action_flag": 3, "change_message": ""}}, {"model": "admin.logentry", "pk": 139, "fields": {"action_time": "2022-01-15T12:52:19.947Z", "user": 3, "content_type": 1, "object_id": "91", "object_repr": "Post object (91)", "action_flag": 3, "change_message": ""}}, {"model": "admin.logentry", "pk": 140, "fields": {"action_time": "2022-01-15T12:52:19.951Z", "user": 3, "content_type": 1, "object_id": "90", "object_repr": "Post object (90)", "action_flag": 3, "change_message": ""}}, {"model": "admin.logentry", "pk": 141, "fields": {"action_time": "2022-01-15T12:52:19.955Z", "user": 3, "content_type": 1, "object_id": "89", "object_repr": "Post object (89)", "action_flag": 3, "change_message": ""}}, {"model": "admin.logentry", "pk": 142, "fields": {"action_time": "2022-01-15T12:52:19.960Z", "user": 3, "content_type": 1, "object_id": "88", "object_repr": "Post object (88)", "action_flag": 3, "change_message": ""}}, {"model": "admin.logentry", "pk": 143, "fields": {"action_time": "2022-01-15T12:52:19.964Z", "user": 3, "content_type": 1, "object_id": "87", "object_repr": "Post object (87)", "action_flag": 3, "change_message": ""}}, {"model": "admin.logentry", "pk": 144, "fields": {"action_time": "2022-01-15T12:52:19.969Z", "user": 3, "content_type": 1, "object_id": "86", "object_repr": "Post object (86)", "action_flag": 3, "change_message": ""}}, {"model": "admin.logentry", "pk": 145, "fields": {"action_time": "2022-01-15T12:52:19.973Z", "user": 3, "content_type": 1, "object_id": "85", "object_repr": "Post object (85)", "action_flag": 3, "change_message": ""}}, {"model": "admin.logentry", "pk": 146, "fields": {"action_time": "2022-01-15T12:52:19.976Z", "user": 3, "content_type": 1, "object_id": "84", "object_repr": "Post object (84)", "action_flag": 3, "change_message": ""}}, {"model": "admin.logentry", "pk": 147, "fields": {"action_time": "2022-01-15T12:52:19.981Z", "user": 3, "content_type": 1, "object_id": "83", "object_repr": "Post object (83)", "action_flag": 3, "change_message": ""}}, {"model": "admin.logentry", "pk": 148, "fields": {"action_time": "2022-01-15T12:52:19.985Z", "user": 3, "content_type": 1, "object_id": "82", "object_repr": "Post object (82)", "action_flag": 3, "change_message": ""}}, {"model": "admin.logentry", "pk": 149, "fields": {"action_time": "2022-01-15T12:52:19.989Z", "user": 3, "content_type": 1, "object_id": "81", "object_repr": "Post object (81)", "action_flag": 3, "change_message": ""}}, {"model": "admin.logentry", "pk": 150, "fields": {"action_time": "2022-01-15T12:52:19.994Z", "user": 3, "content_type": 1, "object_id": "80", "object_repr": "Post object (80)", "action_flag": 3, "change_message": ""}}, {"model": "admin.logentry", "pk": 151, "fields": {"action_time": "2022-01-15T12:52:19.998Z", "user": 3, "content_type": 1, "object_id": "79", "object_repr": "Post object (79)", "action_flag": 3, "change_message": ""}}, {"model": "admin.logentry", "pk": 152, "fields": {"action_time": "2022-01-15T12:52:20.003Z", "user": 3, "content_type": 1, "object_id": "78", "object_repr": "Post object (78)", "action_flag": 3, "change_message": ""}}, {"model": "admin.logentry", "pk": 153, "fields": {"action_time": "2022-01-15T12:52:20.007Z", "user": 3, "content_type": 1, "object_id": "77", "object_repr": "Post object (77)", "action_flag": 3, "change_message": ""}}, {"model": "admin.logentry", "pk": 154, "fields": {"action_time": "2022-01-15T12:52:20.012Z", "user": 3, "content_type": 1, "object_id": "76", "object_repr": "Post object (76)", "action_flag": 3, "change_message": ""}}, {"model": "admin.logentry", "pk": 155, "fields": {"action_time": "2022-01-15T12:52:20.017Z", "user": 3, "content_type": 1, "object_id": "75", "object_repr": "Post object (75)", "action_flag": 3, "change_message": ""}}, {"model": "admin.logentry", "pk": 156, "fields": {"action_time": "2022-01-15T12:52:20.021Z", "user": 3, "content_type": 1, "object_id": "74", "object_repr": "Post object (74)", "action_flag": 3, "change_message": ""}}, {"model": "admin.logentry", "pk": 157, "fields": {"action_time": "2022-01-15T12:52:20.026Z", "user": 3, "content_type": 1, "object_id": "73", "object_repr": "Post object (73)", "action_flag": 3, "change_message": ""}}, {"model": "admin.logentry", "pk": 158, "fields": {"action_time": "2022-01-15T12:52:20.031Z", "user": 3, "content_type": 1, "object_id": "72", "object_repr": "Post object (72)", "action_flag": 3, "change_message": ""}}, {"model": "admin.logentry", "pk": 159, "fields": {"action_time": "2022-01-15T12:52:20.035Z", "user": 3, "content_type": 1, "object_id": "71", "object_repr": "Post object (71)", "action_flag": 3, "change_message": ""}}, {"model": "admin.logentry", "pk": 160, "fields": {"action_time": "2022-01-15T12:52:20.040Z", "user": 3, "content_type": 1, "object_id": "70", "object_repr": "Post object (70)", "action_flag": 3, "change_message": ""}}, {"model": "admin.logentry", "pk": 161, "fields": {"action_time": "2022-01-15T12:52:20.046Z", "user": 3, "content_type": 1, "object_id": "69", "object_repr": "Post object (69)", "action_flag": 3, "change_message": ""}}, {"model": "admin.logentry", "pk": 162, "fields": {"action_time": "2022-01-15T12:52:20.050Z", "user": 3, "content_type": 1, "object_id": "68", "object_repr": "Post object (68)", "action_flag": 3, "change_message": ""}}, {"model": "admin.logentry", "pk": 163, "fields": {"action_time": "2022-01-15T12:52:20.055Z", "user": 3, "content_type": 1, "object_id": "67", "object_repr": "Post object (67)", "action_flag": 3, "change_message": ""}}, {"model": "admin.logentry", "pk": 164, "fields": {"action_time": "2022-01-15T12:52:20.059Z", "user": 3, "content_type": 1, "object_id": "66", "object_repr": "Post object (66)", "action_flag": 3, "change_message": ""}}, {"model": "admin.logentry", "pk": 165, "fields": {"action_time": "2022-01-15T12:52:20.064Z", "user": 3, "content_type": 1, "object_id": "65", "object_repr": "Post object (65)", "action_flag": 3, "change_message": ""}}, {"model": "admin.logentry", "pk": 166, "fields": {"action_time": "2022-01-15T12:52:20.068Z", "user": 3, "content_type": 1, "object_id": "64", "object_repr": "Post object (64)", "action_flag": 3, "change_message": ""}}, {"model": "admin.logentry", "pk": 167, "fields": {"action_time": "2022-01-15T12:52:20.072Z", "user": 3, "content_type": 1, "object_id": "63", "object_repr": "Post object (63)", "action_flag": 3, "change_message": ""}}, {"model": "admin.logentry", "pk": 168, "fields": {"action_time": "2022-01-15T12:52:20.076Z", "user": 3, "content_type": 1, "object_id": "62", "object_repr": "Post object (62)", "action_flag": 3, "change_message": ""}}, {"model": "admin.logentry", "pk": 169, "fields": {"action_time": "2022-01-15T12:52:20.080Z", "user": 3, "content_type": 1, "object_id": "61", "object_repr": "Post object (61)", "action_flag": 3, "change_message": ""}}, {"model": "admin.logentry", "pk": 170, "fields": {"action_time": "2022-01-15T12:52:20.084Z", "user": 3, "content_type": 1, "object_id": "60", "object_repr": "Post object (60)", "action_flag": 3, "change_message": ""}}, {"model": "admin.logentry", "pk": 171, "fields": {"action_time": "2022-01-15T12:52:20.089Z", "user": 3, "content_type": 1, "object_id": "59", "object_repr": "Post object (59)", "action_flag": 3, "change_message": ""}}, {"model": "admin.logentry", "pk": 172, "fields": {"action_time": "2022-01-15T12:52:20.094Z", "user": 3, "content_type": 1, "object_id": "58", "object_repr": "Post object (58)", "action_flag": 3, "change_message": ""}}, {"model": "admin.logentry", "pk": 173, "fields": {"action_time": "2022-01-15T12:52:20.099Z", "user": 3, "content_type": 1, "object_id": "57", "object_repr": "Post object (57)", "action_flag": 3, "change_message": ""}}, {"model": "admin.logentry", "pk": 174, "fields": {"action_time": "2022-01-15T12:52:20.103Z", "user": 3, "content_type": 1, "object_id": "56", "object_repr": "Post object (56)", "action_flag": 3, "change_message": ""}}, {"model": "admin.logentry", "pk": 175, "fields": {"action_time": "2022-01-15T12:52:20.108Z", "user": 3, "content_type": 1, "object_id": "55", "object_repr": "Post object (55)", "action_flag": 3, "change_message": ""}}, {"model": "admin.logentry", "pk": 176, "fields": {"action_time": "2022-01-15T12:52:20.113Z", "user": 3, "content_type": 1, "object_id": "54", "object_repr": "Post object (54)", "action_flag": 3, "change_message": ""}}, {"model": "admin.logentry", "pk": 177, "fields": {"action_time": "2022-01-15T12:52:20.118Z", "user": 3, "content_type": 1, "object_id": "53", "object_repr": "Post object (53)", "action_flag": 3, "change_message": ""}}, {"model": "admin.logentry", "pk": 178, "fields": {"action_time": "2022-01-15T12:52:20.122Z", "user": 3, "content_type": 1, "object_id": "52", "object_repr": "Post object (52)", "action_flag": 3, "change_message": ""}}, {"model": "admin.logentry", "pk": 179, "fields": {"action_time": "2022-01-15T12:52:20.128Z", "user": 3, "content_type": 1, "object_id": "51", "object_repr": "Post object (51)", "action_flag": 3, "change_message": ""}}, {"model": "admin.logentry", "pk": 180, "fields": {"action_time": "2022-01-15T12:52:20.132Z", "user": 3, "content_type": 1, "object_id": "50", "object_repr": "Post object (50)", "action_flag": 3, "change_message": ""}}, {"model": "admin.logentry", "pk": 181, "fields": {"action_time": "2022-01-15T12:52:20.137Z", "user": 3, "content_type": 1, "object_id": "49", "object_repr": "Post object (49)", "action_flag": 3, "change_message": ""}}, {"model": "admin.logentry", "pk": 182, "fields": {"action_time": "2022-01-15T12:52:20.142Z", "user": 3, "content_type": 1, "object_id": "48", "object_repr": "Post object (48)", "action_flag": 3, "change_message": ""}}, {"model": "admin.logentry", "pk": 183, "fields": {"action_time": "2022-01-15T12:52:20.147Z", "user": 3, "content_type": 1, "object_id": "47", "object_repr": "Post object (47)", "action_flag": 3, "change_message": ""}}, {"model": "admin.logentry", "pk": 184, "fields": {"action_time": "2022-01-15T12:52:20.151Z", "user": 3, "content_type": 1, "object_id": "46", "object_repr": "Post object (46)", "action_flag": 3, "change_message": ""}}, {"model": "admin.logentry", "pk": 185, "fields": {"action_time": "2022-01-15T12:52:20.156Z", "user": 3, "content_type": 1, "object_id": "45", "object_repr": "Post object (45)", "action_flag": 3, "change_message": ""}}, {"model": "admin.logentry", "pk": 186, "fields": {"action_time": "2022-01-15T12:52:20.159Z", "user": 3, "content_type": 1, "object_id": "44", "object_repr": "Post object (44)", "action_flag": 3, "change_message": ""}}, {"model": "admin.logentry", "pk": 187, "fields": {"action_time": "2022-01-15T12:52:20.164Z", "user": 3, "content_type": 1, "object_id": "43", "object_repr": "Post object (43)", "action_flag": 3, "change_message": ""}}, {"model": "admin.logentry", "pk": 188, "fields": {"action_time": "2022-01-15T12:52:20.168Z", "user": 3, "content_type": 1, "object_id": "42", "object_repr": "Post object (42)", "action_flag": 3, "change_message": ""}}, {"model": "admin.logentry", "pk": 189, "fields": {"action_time": "2022-01-15T13:02:46.402Z", "user": 3, "content_type": 5, "object_id": "3", "object_repr": "pavel", "action_flag": 2, "change_message": "[{\"changed\": {\"fields\": [\"first_name\", \"last_name\"]}}]"}}, {"model": "admin.logentry", "pk": 190, "fields": {"action_time": "2022-01-15T19:15:38.225Z", "user": 3, "content_type": 8, "object_id": "1", "object_repr": "Лев Толстой – зеркало русской революции", "action_flag": 2, "change_message": "[{\"changed\": {\"fields\": [\"title\"]}}]"}}, {"model": "admin.logentry", "pk": 191, "fields": {"action_time": "2022-01-17T16:02:23.382Z", "user": 3, "content_type": 1, "object_id": "98", "object_repr": "Post object (98)", "action_flag": 3, "change_message": ""}}, {"model": "admin.logentry", "pk": 192, "fields": {"action_time": "2022-01-17T16:02:23.393Z", "user": 3, "content_type": 1, "object_id": "97", "object_repr": "Post object (97)", "action_flag": 3, "change_message": ""}}, {"model": "admin.logentry", "pk": 193, "fields": {"action_time": "2022-01-17T16:02:23.398Z", "user": 3, "content_type": 1, "object_id": "96", "object_repr": "Post object (96)", "action_flag": 3, "change_message": ""}}, {"model": "admin.logentry", "pk": 194, "fields": {"action_time": "2022-02-01T07:21:50.241Z", "user": 3, "content_type": 1, "object_id": "103", "object_repr": "test", "action_flag": 2, "change_message": "[{\"changed\": {\"fields\": [\"group\"]}}]"}}, {"model": "admin.logentry", "pk": 195, "fields": {"action_time": "2022-02-01T07:22:38.987Z", "user": 3, "content_type": 1, "object_id": "103", "object_repr": "test", "action_flag": 3, "change_message": ""}}, {"model": "admin.logentry", "pk": 196, "fields": {"action_time": "2022-02-01T07:22:38.993Z", "user": 3, "content_type": 1, "object_id": "102", "object_repr": "44556444", "action_flag": 3, "change_message": ""}}, {"model": "admin.logentry", "pk": 197, "fields": {"action_time": "2022-02-01T07:22:38.997Z", "user": 3, "content_type": 1, "object_id": "99", "object_repr": "rgsegag", "action_flag": 3, "change_message": ""}}, {"model": "admin.logentry", "pk": 198, "fields": {"action_time": "2022-02-04T13:41:23.636Z", "user": 3, "content_type": 1, "object_id": "107", "object_repr": "dfgg", "action_flag": 3, "change_message": ""}}, {"model": "admin.logentry", "pk": 199, "fields": {"action_time": "2022-02-04T13:44:43.141Z", "user": 3, "content_type": 1, "object_id": "108", "object_repr": "scs", "action_flag": 3, "change_message": ""}}, {"model": "admin.logentry", "pk": 200, "fields": {"action_time": "2022-02-09T09:39:52.108Z", "user": 3, "content_type": 1, "object_id": "106", "object_repr": "afvbvbbvab b va", "action_flag": 3, "change_message": ""}}, {"model": "admin.logentry", "pk": 201, "fields": {"action_time": "2022-02-09T09:39:52.122Z", "user": 3, "content_type": 1, "object_id": "105", "object_repr": "dsdsdsds", "action_flag": 3, "change_message": ""}}, {"model": "admin.logentry", "pk": 202, "fields": {"action_time": "2022-02-09T09:39:52.137Z", "user": 3, "content_type": 1, "object_id": "104", "object_repr": "12121", "action_flag": 3, "change_message": ""}}, {"model": "admin.logentry", "pk": 203, "fields": {"action_time": "2022-02-09T09:39:52.153Z", "user": 3, "content_type": 1, "object_id": "101", "object_repr": "Скорее бы писат", "action_flag": 3, "change_message": ""}}, {"model": "admin.logentry", "pk": 204, "fields": {"action_time": "2022-02-09T09:39:52.173Z", "user": 3, "content_type": 1, "object_id": "100", "object_repr": "Мануальное тест", "action_flag": 3, "change_message": ""}}, {"model": "admin.logentry", "pk": 205, "fields": {"action_time": "2022-02-09T09:39:52.188Z", "user": 3, "content_type": 1, "object_id": "95", "object_repr": "               ", "action_flag": 3, "change_message": ""}}, {"model": "admin.logentry", "pk": 206, "fields": {"action_time": "2022-02-09T09:44:04.125Z", "user": 3, "content_type": 8, "object_id": "4", "object_repr": "Игорь Гирс", "action_flag": 1, "change_message": "[{\"added\": {}}]"}}, {"model": "admin.logentry", "pk": 207, "fields": {"action_time": "2022-02-20T12:41:44.274Z", "user": 3, "content_type": 8, "object_id": "5", "object_repr": "de", "action_flag": 1, "change_message": "[{\"added\": {}}]"}}, {"model": "auth.permission", "pk": 1, "fields": {"name": "Can add post", "content_type": 1, "codename": "add_post"}}, {"model": "auth.permission", "pk": 2, "fields": {"name": "Can change post", "content_type": 1, "codename": "change_post"}}, {"model": "auth.permission", "pk": 3, "fields": {"name": "Can delete post", "content_type": 1, "codename": "delete_post"}}, {"model": "auth.permission", "pk": 4, "fields": {"name": "Can view post", "content_type": 1, "codename": "view_post"}}, {"model": "auth.permission", "pk": 5, "fields": {"name": "Can add log entry", "content_type": 2, "codename": "add_logentry"}}, {"model": "auth.permission", "pk": 6, "fields": {"name": "Can change log entry", "content_type": 2, "codename": "change_logentry"}}, {"model": "auth.permission", "pk": 7, "fields": {"name": "Can delete log entry", "content_type": 2, "codename": "delete_logentry"}}, {"model": "auth.permission", "pk": 8, "fields": {"name": "Can view log entry", "content_type": 2, "codename": "view_logentry"}}, {"model": "auth.permission", "pk": 9, "fields": {"name": "Can add permission", "content_type": 3, "codename": "add_permission"}}, {"model": "auth.permission", "pk": 10, "fields": {"name": "Can change permission", "content_type": 3, "codename": "change_permission"}}, {"model": "auth.permission", "pk": 11, "fields": {"name": "Can delete permission", "content_type": 3, "codename": "delete_permission"}}, {"model": "auth.permission", "pk": 12, "fields": {"name": "Can view permission", "content_type": 3, "codename": "view_permission"}}, {"model": "auth.permission", "pk": 13, "fields": {"name": "Can add group", "content_type": 4, "codename": "add_group"}}, {"model": "auth.permission", "pk": 14, "fields": {"name": "Can change group", "content_type": 4, "codename": "change_group"}}, {"model": "auth.permission", "pk": 15, "fields": {"name": "Can delete group", "content_type": 4, "codename": "delete_group"}}, {"model": "auth.permission", "pk": 16, "fields": {"name": "Can view group", "content_type": 4, "codename": "view_group"}}, {"model": "auth.permission", "pk": 17, "fields": {"name": "Can add user", "content_type": 5, "codename": "add_user"}}, {"model": "auth.permission", "pk": 18, "fields": {"name": "Can change user", "content_type": 5, "codename": "change_user"}}, {"model": "auth.permission", "pk": 19, "fields": {"name": "Can delete user", "content_type": 5, "codename": "delete_user"}}, {"model": "auth.permission", "pk": 20, "fields": {"name": "Can view user", "content_type": 5, "codename": "view_user"}}, {"model": "auth.permission", "pk": 21, "fields": {"name": "Can add content type", "content_type": 6, "codename": "add_contenttype"}}, {"model": "auth.permission", "pk": 22, "fields": {"name": "Can change content type", "content_type": 6, "codename": "change_contenttype"}}, {"model": "auth.permission", "pk": 23, "fields": {"name": "Can delete content type", "content_type": 6, "codename": "delete_contenttype"}}, {"model": "auth.permission", "pk": 24, "fields": {"name": "Can view content type", "content_type": 6, "codename": "view_contenttype"}}, {"model": "auth.permission", "pk": 25, "fields": {"name": "Can add session", "content_type": 7, "codename": "add_session"}}, {"model": "auth.permission", "pk": 26, "fields": {"name": "Can change session", "content_type": 7, "codename": "change_session"}}, {"model": "auth.permission", "pk": 27, "fields": {"name": "Can delete session", "content_type": 7, "codename": "delete_session"}}, {"model": "auth.permission", "pk": 28, "fields": {"name": "Can view session", "content_type": 7, "codename": "view_session"}}, {"model": "auth.permission", "pk": 29, "fields": {"name": "Can add group", "content_type": 8, "codename": "add_group"}}, {"model": "auth.permission", "pk": 30, "fields": {"name": "Can change group", "content_type": 8, "codename": "change_group"}}, {"model": "auth.permission", "pk": 31, "fields": {"name": "Can delete group", "content_type": 8, "codename": "delete_group"}}, {"model": "auth.permission", "pk": 32, "fields": {"name": "Can view group", "content_type": 8, "codename": "view_group"}}, {"model": "auth.permission", "pk": 33, "fields": {"name": "Can add kv store", "content_type": 9, "codename": "add_kvstore"}}, {"model": "auth.permission", "pk": 34, "fields": {"name": "Can change kv store", "content_type": 9, "codename": "change_kvstore"}}, {"model": "auth.permission", "pk": 35, "fields": {"name": "Can delete kv store", "content_type": 9, "codename": "delete_kvstore"}}, {"model": "auth.permission", "pk": 36, "fields": {"name": "Can view kv store", "content_type": 9, "codename": "view_kvstore"}}, {"model": "auth.permission", "pk": 37, "fields": {"name": "Can add comment", "content_type": 10, "codename": "add_comment"}}, {"model": "auth.permission", "pk": 38, "fields": {"name": "Can change comment", "content_type": 10, "codename": "change_comment"}}, {"model": "auth.permission", "pk": 39, "fields": {"name": "Can delete comment", "content_type": 10, "codename": "delete_comment"}}, {"model": "auth.permission", "pk": 40, "fields": {"name": "Can view comment", "content_type": 10, "codename": "view_comment"}}, {"model": "auth.permission", "pk": 41, "fields": {"name": "Can add follow", "content_type": 11, "codename": "add_follow"}}, {"model": "auth.permission", "pk": 42, "fields": {"name": "Can change follow", "content_type": 11, "codename": "change_follow"}}, {"model": "auth.permission", "pk": 43, "fields": {"name": "Can delete follow", "content_type": 11, "codename": "delete_follow"}}, {"model": "auth.permission", "pk": 44, "fields": {"name": "Can view follow", "content_type": 11, "codename": "view_follow"}}, {"model": "auth.user", "pk": 1, "fields": {"password": "pbkdf2_sha256$150000$Zmogy9nRoGLg$r8ZunNrLUsIZGTLUJ+7HHhuubg8eQ4PPmrTvLzQ1Tfs=", "last_login": "2019-10-01T14:42:37.186Z", "is_superuser": true, "username": "admin", "first_name": "", "last_name": "", "email": "", "is_staff": true, "is_active": true, "date_joined": "2019-10-01T14:34:56.579Z", "groups": [], "user_permissions": []}}, {"model": "auth.user", "pk": 2, "fields": {"password": "august", "last_login": null, "is_superuser": false, "username": "leo", "first_name": "Лев", "last_name": "Толстой", "email": "ln@yasnaya.polyana", "is_staff": false, "is_active": true, "date_joined": "2019-10-05T21:37:36.487Z", "groups": [], "user_permissions": []}}, {"model": "auth.user", "pk": 3, "fields": {"password": "pbkdf2_sha256$150000$2bysGdr7sdeD$U32eYc7fQcBDpi0eaGAjlzaPdaXOCNAiL21E4PVjodI=", "last_login": "2022-02-06T14:15:15.758Z", "is_superuser": true, "username": "pavel", "first_name": "Павел", "last_name": "Морозов", "email": "1@1.com", "is_staff": true, "is_active": true, "date_joined": "2021-12-17T13:20:09Z", "groups": [], "user_permissions": []}}, {"model": "auth.user", "pk": 4, "fields": {"password": "pbkdf2_sha256$150000$ZY1KRVoLM8uu$bbzrUQ6SO7PQA1uhmDebv1r5uA99uj3R8wk4BwqVzBc=", "last_login": "2022-01-03T16:50:11.989Z", "is_superuser": false, "username": "john_smith", "first_name": "John", "last_name": "Smitn", "email": "1@1.com", "is_staff": false, "is_active": true, "date_joined": "2022-01-03T14:29:04.662Z", "groups": [], "user_permissions": []}}, {"model": "auth.user", "pk": 5, "fields": {"password": "pbkdf2_sha256$150000$mqBm1igZH9Sm$NmlEsItaCNPFvNtlG1iEQLZbyzUlFb2Cj1aqNU4H+Zk=", "last_login": "2022-01-05T06:00:07.466Z", "is_superuser": false, "username": "peter", "first_name": "Peter", "last_name": "Pen", "email": "2@2.com", "is_staff": false, "is_active": true, "date_joined": "2022-01-03T17:26:23.441Z", "groups": [], "user_permissions": []}}, {"model": "auth.user", "pk": 6, "fields": {"password": "123", "last_login": null, "is_superuser": false, "username": "test", "first_name": "", "last_name": "", "email": "3@3.com", "is_staff": false, "is_active": true, "date_joined": "2022-01-05T05:44:22Z", "groups": [], "user_permissions": [4]}}, {"model": "auth.user", "pk": 7, "fields": {"password": "pbkdf2_sha256$150000$HErTwKq7GZd7$IcL8YeaMrHyKvQcfiBaWEl4Fvpw7prkYgRsQUzqFgOs=", "last_login": "2022-01-14T09:58:36.172Z", "is_superuser": false, "username": "alibaba", "first_name": "ali", "last_name": "baba", "email": "4@4.com", "is_staff": false, "is_active": true, "date_joined": "2022-01-14T09:58:24.865Z", "groups": [], "user_permissions": []}}, {"model": "contenttypes.contenttype", "pk": 1, "fields": {"app_label": "posts", "model": "post"}}, {"model": "contenttypes.contenttype", "pk": 2, "fields": {"app_label": "admin", "model": "logentry"}}, {"model": "contenttypes.contenttype", "pk": 3, "fields": {"app_label": "auth", "model": "permission"}}, {"model": "contenttypes.contenttype", "pk": 4, "fields": {"app_label": "auth", "model": "group"}}, {"model": "contenttypes.contenttype", "pk": 5, "fields": {"app_label": "auth", "model": "user"}}, {"model": "contenttypes.contenttype", "pk": 6, "fields": {"app_label": "contenttypes", "model": "contenttype"}}, {"model": "contenttypes.contenttype", "pk": 7, "fields": {"app_label": "sessions", "model": "session"}}, {"model": "contenttypes.contenttype", "pk": 8, "fields": {"app_label": "posts", "model": "group"}}, {"model": "contenttypes.contenttype", "pk": 9, "fields": {"app_label": "thumbnail", "model": "kvstore"}}, {"model": "contenttypes.contenttype", "pk": 10, "fields": {"app_label": "posts", "model": "comment"}}, {"model": "contenttypes.contenttype", "pk": 11, "fields": {"app_label": "posts", "model": "follow"}}, {"model": "sessions.session", "pk": "46k8ppre2o6nynuczqwfryjw3wcgeh9m", "fields": {"session_data": "ODQwYzhhMGEzMmNiZjFjMzYyYmM1NTNkNTIyNGQ1ZDBkZDc0MWIwYjp7Il9hdXRoX3VzZXJfaWQiOiIzIiwiX2F1dGhfdXNlcl9iYWNrZW5kIjoiZGphbmdvLmNvbnRyaWIuYXV0aC5iYWNrZW5kcy5Nb2RlbEJhY2tlbmQiLCJfYXV0aF91c2VyX2hhc2giOiJhNWU5YzYwZWQ4ZWU3YmI5NjFmN2FkY2ZhNWI0MTFkYjk0YjE1NDI0In0=", "expire_date": "2022-01-27T12:10:38.937Z"}}, {"model": "sessions.session", "pk": "9xtskob71c5ceg8rt72kpnjdo76gsd3e", "fields": {"session_data": "ODQwYzhhMGEzMmNiZjFjMzYyYmM1NTNkNTIyNGQ1ZDBkZDc0MWIwYjp7Il9hdXRoX3VzZXJfaWQiOiIzIiwiX2F1dGhfdXNlcl9iYWNrZW5kIjoiZGphbmdvLmNvbnRyaWIuYXV0aC5iYWNrZW5kcy5Nb2RlbEJhY2tlbmQiLCJfYXV0aF91c2VyX2hhc2giOiJhNWU5YzYwZWQ4ZWU3YmI5NjFmN2FkY2ZhNWI0MTFkYjk0YjE1NDI0In0=", "expire_date": "2021-12-31T13:20:24.551Z"}}, {"model": "sessions.session", "pk": "ato0m5lc3spy8mmch26je2xb7euy0zv8", "fields": {"session_data": "NjJhNWI0NTVlYzY3MjM2ZDE5Yjg4YzY1MWUzYWFjZDVjNjA5NzY0Zjp7Il9hdXRoX3VzZXJfaWQiOiIxIiwiX2F1dGhfdXNlcl9iYWNrZW5kIjoiZGphbmdvLmNvbnRyaWIuYXV0aC5iYWNrZW5kcy5Nb2RlbEJhY2tlbmQiLCJfYXV0aF91c2VyX2hhc2giOiI1ZjEyMzk4OWFhN2VlODQ5MDNiMmUyYmUxNGE5MjU2MjJiNGJhYzI4In0=", "expire_date": "2019-10-15T14:42:37.187Z"}}, {"model": "sessions.session", "pk": "ps8t9tkq0r7s2j58cawfbhy49zyo3dvj", "fields": {"session_data": "ODQwYzhhMGEzMmNiZjFjMzYyYmM1NTNkNTIyNGQ1ZDBkZDc0MWIwYjp7Il9hdXRoX3VzZXJfaWQiOiIzIiwiX2F1dGhfdXNlcl9iYWNrZW5kIjoiZGphbmdvLmNvbnRyaWIuYXV0aC5iYWNrZW5kcy5Nb2RlbEJhY2tlbmQiLCJfYXV0aF91c2VyX2hhc2giOiJhNWU5YzYwZWQ4ZWU3YmI5NjFmN2FkY2ZhNWI0MTFkYjk0YjE1NDI0In0=", "expire_date": "2022-01-17T14:00:51.006Z"}}, {"model": "sessions.session", "pk": "wsllby438vgz5hlujalj81i9eoubyh0f", "fields": {"session_data": "ODQwYzhhMGEzMmNiZjFjMzYyYmM1NTNkNTIyNGQ1ZDBkZDc0MWIwYjp7Il9hdXRoX3VzZXJfaWQiOiIzIiwiX2F1dGhfdXNlcl9iYWNrZW5kIjoiZGphbmdvLmNvbnRyaWIuYXV0aC5iYWNrZW5kcy5Nb2RlbEJhY2tlbmQiLCJfYXV0aF91c2VyX2hhc2giOiJhNWU5YzYwZWQ4ZWU3YmI5NjFmN2FkY2ZhNWI0MTFkYjk0YjE1NDI0In0=", "expire_date": "2022-01-12T05:31:53.693Z"}}, {"model": "sessions.session", "pk": "wu0rug8gjj32dkmli79o6st5ykpyuao1", "fields": {"session_data": "ODQwYzhhMGEzMmNiZjFjMzYyYmM1NTNkNTIyNGQ1ZDBkZDc0MWIwYjp7Il9hdXRoX3VzZXJfaWQiOiIzIiwiX2F1dGhfdXNlcl9iYWNrZW5kIjoiZGphbmdvLmNvbnRyaWIuYXV0aC5iYWNrZW5kcy5Nb2RlbEJhY2tlbmQiLCJfYXV0aF91c2VyX2hhc2giOiJhNWU5YzYwZWQ4ZWU3YmI5NjFmN2FkY2ZhNWI0MTFkYjk0YjE1NDI0In0=", "expire_date": "2022-01-07T05:44:43.477Z"}}, {"model": "sessions.session", "pk": "xd1eyfmupunlwz3q6o67i4fvkq612afc", "fields": {"session_data": "ODQwYzhhMGEzMmNiZjFjMzYyYmM1NTNkNTIyNGQ1ZDBkZDc0MWIwYjp7Il9hdXRoX3VzZXJfaWQiOiIzIiwiX2F1dGhfdXNlcl9iYWNrZW5kIjoiZGphbmdvLmNvbnRyaWIuYXV0aC5iYWNrZW5kcy5Nb2RlbEJhY2tlbmQiLCJfYXV0aF91c2VyX2hhc2giOiJhNWU5YzYwZWQ4ZWU3YmI5NjFmN2FkY2ZhNWI0MTFkYjk0YjE1NDI0In0=", "expire_date": "2022-02-20T14:15:15.764Z"}}, {"model": "posts.post", "pk": 2, "fields": {"text": "Начинаю новую тетрадь дневника, послѣ почти мѣсячнаго промежутка, во время котораго я такъ много переиспыталъ, перечувствовалъ, что мнѣ не было времени думать и еще меньше записывать. — Съ Кавказа я пріѣхалъ въ Тулу, видѣлъ тетокъ, сестру, Валерьяна и узналъ о своемъ производствѣ. Всѣ 3 брата и Перфильевы пріѣхали ко мнѣ и увезли меня въ Москву. Изъ Москвы я проѣхалъ въ Покровское, тамъ простился съ т[етушкой] П[елагеей] И[льиничной], В[алерьяномъ], съ Машей и Сережей. Эти 2 прощанья — особенно послѣднее — были одни изъ счастливѣйшихъ минутъ въ моей жизни. Оттуда поѣхалъ къ Митинькѣ, который почти по моему совѣту бросилъ Москву, — и черезъ Полтаву, Кишиневъ и т. д. 3-го дня пріѣхалъ въ Букарестъ. Я былъ счастливъ все это время!\n\nСлужебное положеніе мое здѣсь неопредѣленно и я уже съ недѣлю снова сомнительно болѣнъ. — Неужели снова начнется для меня пора испытаній?!\n\nВпрочемъ я самъ виноватъ, счастіе избаловало меня: я опустился и во многомъ имѣю упрекнуть себя со дня выѣзда моего изъ Курска и до сей минуты. — Грустно убѣдиться, что я не умѣлъ переносить счастія также, какъ и не умѣлъ переносить несчастія. Нынче пойду къ командиру Дивизіи въ корпусной Штабъ, сдѣлаю кой какія покупки, погуляю, и прійду домой писать письма и обѣдать. Послѣ обѣда займусь чѣмъ нибудь и передъ вечеромъ поѣду въ баню. Вечеръ просижу дома и займусь Отрочествомъ.", "pub_date": "1854-03-14T00:00:00Z", "author": 2, "group": 2, "image": ""}}, {"model": "posts.post", "pk": 3, "fields": {"text": "Ровно 3 мѣсяца промежутка. — 3 мѣсяца праздности и жизни, которой я не могу быть доволенъ. — Недѣли три я былъ у Шейдемана и жалѣю, что не остался. Съ офицерами бы я ладилъ, и съ батар[ейнымъ] команд[иромъ] умѣлъ бы устроиться. За то дурное общество и затаенная злоба отъ своего неблестящаго положенія хорошо бы подѣйствовали на меня. Я сердился бы, скучалъ, старался бы подняться морально надъ своимъ положеніемъ и сталъ бы лучше — работалъ бы. — Откомандированіе меня въ Штабъ пришло въ то самое время, когда я поссорился съ батарейнымъ командиромъ, и польстило моему тщеславію. — Болѣзнь моя, во время которой я не могъ даже вернуться на старую колею занятій и честнаго труда съ одной цѣлью добра, — доказала мнѣ, до какой степени я испортился. Чѣмъ выше я становлюсь въ общественномъ мнѣніи, тѣмъ ниже я становлюсь въ собственному Я имѣлъ нѣсколько разъ женщинъ, лгалъ, тщеславился и, что всего ужаснѣе, подъ огнемъ велъ себя не такъ, какъ надѣялся отъ самаго себя.____\n\nОсада Силистріи снята, я еще не былъ въ дѣлѣ, положеніе мое въ кругу товарищей и начальство хорошо, несмотря на остаток б[.....] и ранки, здоровье мое порядочно и въ моральномъ отношеніи я твердо рѣшился посвятить свою жизнь пользѣ ближняго. Въ послѣдній разъ говорю себѣ:\nЕжели пройдетъ 3 дня, во время которыхъ я ничего не сдѣлаю для пользы людей, я убью себя. —  Помоги мнѣ Господи._________\nДо обѣда пишу письма: Сережѣ и теткамъ, Волконской, ежели успѣю. Послѣ обѣда продолжаю записки Феерверкера. __________", "pub_date": "1854-06-15T00:00:00Z", "author": 2, "group": 2, "image": ""}}, {"model": "posts.post", "pk": 4, "fields": {"text": "[Бухарест.] Во время перехода отъ Силистріи къ Маю я ѣздилъ въ Букарестъ. Я игралъ и принужденъ былъ занимать деньги. Положеніе унизительное для каждаго и для меня въ особенности. Написалъ письма: тетинькѣ, Митѣ, Некрасову и Оськѣ. — Всё еще не знаю, за что приняться, и поэтому ничего не дѣлаю. Кажется, что лучше всего работать за романомъ Р[усскаго] П[омѣщика].", "pub_date": "1854-06-23T00:00:00Z", "author": 2, "group": 2, "image": ""}}, {"model": "posts.post", "pk": 5, "fields": {"text": "Съ утра сѣлъ за работу; но ничего не сдѣлалъ и радъ былъ, когда мнѣ пришолъ помѣшать Горчаковъ. Послѣ обѣда у Генер[ала] читалъ Беран[же], ѣздилъ къ Доктору, который объявилъ мнѣ, что мнѣ должно дѣлать операцію и лечиться мѣсяца полтора и болталъ до ночи съ Шубинымъ о нашемъ русскомъ рабствѣ. Правда, что рабство есть зло, но зло чрезвычайно милое. __________", "pub_date": "1854-06-24T00:00:00Z", "author": 2, "group": 2, "image": ""}}, {"model": "posts.post", "pk": 6, "fields": {"text": "День ото дня откладывалъ операцію, ожидая перехода въ Букарестъ; a здѣсь откладывалъ, ожидая квартиры и Доктора. Въ Журжѣ были дѣла, въ кот[орыхъ] бы я могъ быть, ежели бы былъ здоровъ. Денегъ нѣтъ ни гроша и я долженъ. Валер[ьянъ] пишетъ въ письмѣ, кот[орое] я получилъ вчера, что ни лошадей, ни денегъ нѣтъ. — Намѣренъ лечиться серьезно. Мнѣ хочется пожить беззаботно и весело, не знаю, что выйдетъ изъ этаго желанія.", "pub_date": "1854-06-29T00:00:00Z", "author": 2, "group": 1, "image": ""}}, {"model": "posts.post", "pk": 7, "fields": {"text": "Сегодня мнѣ сдѣлали операцію съ клороформомъ — я былъ малодушенъ. Ничего не дѣлалъ отъ невозможности. Есть надежда выздоровѣть. —", "pub_date": "1854-06-30T00:00:00Z", "author": 2, "group": 1, "image": ""}}, {"model": "posts.post", "pk": 8, "fields": {"text": "Написалъ письмо Валерьяну и Оголину. Здоровье ни лучше, ни хуже, живу одинъ, читаю, но за работы не принимаюсь, хотя Зап[иски] Феер[веркера] сильно искушаютъ меня. ________", "pub_date": "1854-07-01T00:00:00Z", "author": 2, "group": 1, "image": ""}}, {"model": "posts.post", "pk": 9, "fields": {"text": "Читалъ Gilbert и Gilberte. Здоровье все statu quo.\n\n— Зап[иски] Феер[веркера] все болѣе болѣе опредѣляются, нынче, 3-го І[юля], кажется, займусь.", "pub_date": "1854-07-02T00:00:00Z", "author": 2, "group": 1, "image": ""}}, {"model": "posts.post", "pk": 10, "fields": {"text": "Цѣлый день читалъ, работа никакъ не хочетъ идти. Вечеромъ болталъ съ Пруш[инскимъ?], Олх[инымъ] и Антроп[овымъ]. Проигралъ глупо Пруш[инскому] porte-feuille Полинькинъ и несмотря на его отговорки от далъ ему. Невольно, какъ только я остаюсь одинъ и обдумываю самаго себя, я возвращаюсь къ прежней мысли — мысли объ усовершенствованіи; но главная моя ошибка — причина, по которой я не могъ спокойно идти по этой дорогѣ — та, что я усовершенствованіе смѣшивалъ съ совершенствомъ. Надо прежде понять хорошенько себя и свои недостатки и стараться исправлять ихъ, а не давать себѣ задачей — совершенство, котораго не только невозможно достигнуть съ той низкой точки, на которой я стою, но при пониманіи котораго пропадаетъ надежда на возможность достиженія. Тоже, что было со мной въ хозяйствѣ, въученьи, въ литературѣ, въ жизни. — Въ хозяйствѣ я хотѣлъ достигнуть совершенства и забывалъ, что прежде нужно было исправить несовершенства, которыхъ слишкомъ много, хотѣлъ правильнаго раздѣленія полей, когда мнѣ нечѣмъ было ихъ удабривать и сѣять. —\n\nНужно взять себя такимъ, какимъ есть, и исправимые недостатки стараться исправить, хорошая же натура поведетъ меня къ добру безъ книжки, которая столько времени была моимъ кошмаромъ. — Я одинъ изъ тѣхъ характеровъ, которые, желая, отъискивая и готовые на все прекрасное, неспособны именно по этому къ постоянно-хорошему.", "pub_date": "1854-07-03T00:00:00Z", "author": 2, "group": 2, "image": ""}}, {"model": "posts.post", "pk": 11, "fields": {"text": "Главные мои недостатки. 1) Неосновательность (подъ этимъ я разумѣю: нерѣшительность, непостоянство и непослѣдовательность. 2) Непріятный тяжелый характеръ, раздражительность, излишнее самолюбіе, тщеславіе. 3) Привычка къ праздности. — Буду стараться постоянно наблюдать за этими 3 основными пороками и записывать всякій разъ, что буду впадать въ нихъ. — Уже нынче я спорилъ съ Антропов[ымъ] о томъ, должно ли или нѣтъ ему ѣхать въ Журжу, съ раздраж[ительностью] и излишнимъ самолюбіемъ. —\n\nЯ обѣдалъ дома довольно спокойно, хорошо и дешево. Бартоломей обѣщалъ было читать со мной Pictures from Italy, но бѣдняжка нашелъ, что это слышкомъ скучно, и поэтому мы сочли за лучшее болтать съ нимъ до поздняго вечера. — Онъ, кажется, добрый и съ хорошимъ направленіемъ мальчикъ; но молодъ.....\n\nЗдоровье мое какъ будто лучше, но боюсь еще вѣрить. — Былъ неосноват[еленъ] съ Новережскимъ, не кончивъ дѣла о рапортѣ; раздражителенъ съ Антроповымъ и — увы — опять лѣнился, ничего не сдѣлалъ, кромѣ этой страницы дневника. Получилъ письмо отъ тетки и Митиньки, на которое завтра надо будетъ отвѣтить. (3)", "pub_date": "1854-07-04T00:00:00Z", "author": 2, "group": 1, "image": ""}}, {"model": "posts.post", "pk": 12, "fields": {"text": "Читалъ во время чаю, обѣда и десерта, утро же все писалъ одно письмо тетинькѣ, которое пошлю, несмотря на то, что французскій слогъ его мнѣ очень не нравится. — Миѣ со дня на день становится труднѣе объясняться и писать по французски, надо же эту глупую манеру писать и говорить на языкѣ, который плохо знаешь! — А сколько хлопотъ, потеряннаго времени, неясности въ мысляхъ и нечистоты въ природномъ языкѣ изъ за этой манеры, а необходимо!\n\nВечеромъ написалъ съ главу Зап[исокъ] Феерв[еркера] съ увлеченіемъ и порядочно. Олхинъ 2 раза былъ у меня, чего мнѣ совершенно ненужно записывать, потому что чудесныя выраженія глупости, которыя вырывались у него, я не запомню оттого, что запишу ихъ. — Поѣлъ фруктовъ, несмотря на поносъ, и поручилъ Олхину нанять фортепьяно, вотъ двѣ ошибки противъ основательности. Главный мой недостатокъ состоитъ въ недостаткѣ терпимости къ себѣ и другимъ. Это не правило, а мысль, которую почему не записать сюда. Она напомнить черезъ нѣсколько времени то моральное состоите, въ которомъ я находился 5-го Іюля 1854 года. (2)", "pub_date": "1854-07-05T00:00:00Z", "author": 2, "group": 1, "image": ""}}, {"model": "posts.post", "pk": 13, "fields": {"text": "Цѣлый день читалъ то Лермонтова], то Гёте, то Alphonse Karr’a и не могъ приняться за дѣло. — Какъ я не говорю, что я не честолюбивъ, и сколько ни стараюсь быть искреннимъ въ этомъ, le bout de l’oreille se montre malgré moi.\n\nМнѣ непріятно было узнать сегодня, что Осипъ Сержпут[овскій] контуженъ и о немъ донесено: Государю. Зависть.... и изъ за какой пошлости и къ какой дряни!\n\nНынче весь день былъ день непріятныхъ воспоминаній. То воспоминаніе о долгѣ Зубкову мучало меня. (Насчетъ его я было раздумалъ переходъ въ конную артиллерію, по потомъ рѣшился, оставивъ дѣло, какъ есть, ждать до 55-го года.) То воспоминаніе о томъ, что я будто слишкомъ много позволялъ своему Генералу, мучало меня. Обдумавъ хорошенько, выходить напротивъ, что я слишкомъ много себѣ позволялъ съ нимъ. — Чтобы естественно быть гордымъ (fier) надо или быть дуракомъ (чѣмъ я не могу быть), или быть довольнымъ собою, за чѣмъ я не былъ со времени своего пріѣзда въ армію. За нынѣшній [день] 2 упрека я могу и долженъ себѣ сдѣлать: 1) непростительная цѣлый день лѣнь и слѣдствіе ея — праздность и 2) просьба къ (Олхину о фортепьяно, на что у меня нѣтъ достаточно денегъ.) (1)", "pub_date": "1854-07-06T00:00:00Z", "author": 2, "group": 1, "image": ""}}, {"model": "posts.post", "pk": 14, "fields": {"text": "Скромности у меня нѣтъ! вотъ мой большой недостатокъ. —\n\nЧто я такое? Одинъ изъ 4-хъ сыновей отставнаго Подполковника, оставшійся съ 7 лѣтняго возраста безъ родителей подъ опекой женщинъ и постороннихъ, не получившій ни свѣтскаго, ни ученаго образованія и вышедшій на волю 17-ти лѣтъ, безъ большого состоянія, безъ всякаго общественнаго положенія и, главное, безъ правилъ; человѣкъ, разстроившій свои дѣла до послѣдней крайности, безъ цѣли и наслажденія проведшій лучшія года своей жизни, наконецъ изгнавшій себя на Кавказъ, чтобъ бѣжать отъ долговъ и, главное, привычекъ, а оттуда, придравшись къ какимъ-то связямъ, существовавшимъ между его отцомъ и Командующимъ арміей, перешедшій въ Дунайскую армію 26 лѣтъ, прапорщикомъ, почти безъ средствъ кромѣ жалованья (потому что тѣ средства, которыя у него есть, онъ долженъ употребить на уплату оставшихся долговъ), безъ покровителей, безъ умѣнья жить въ свѣтѣ, безъ знанія службы, безъ практическихъ способностей; но — съ огромнымъ самолюбіемъ! Да, вотъ мое общественное положеніе. Посмотримъ, что такое моя личность. —\n\nЯ дуренъ собой, неловокъ, нечистоплотенъ и свѣтски необразованъ. — Я раздражителенъ, скученъ для другихъ, нескроменъ, нетерпимъ (intolérant) и стыдливъ, какъ ребенокъ. — Я почти невѣжда. Что я знаю, тому я выучился кое какъ самъ, урывками, безъ связи, безъ толку и то такъ мало. — Я невоздерженъ, нерѣшителенъ, непостояненъ, глупо-тщеславенъ и пылокъ, какъ всѣ безхарактерные люди. Я не храбръ. Я неакуратенъ въ жизни и такъ лѣнивъ, что праздность сдѣлалась для меня почти неодолимой привычкой. — Я уменъ, но умъ мой еще никогда ни на чемъ не былъ основательно испытанъ. У меня нѣтъ ни ума практическаго, ни ума свѣтскаго, ни ума дѣловаго. — Я честенъ, т. е. я люблю добро, сдѣлалъ привычку любить его; и когда отклоняюсь отъ него, бываю недоволенъ собой и возвращаюсь къ нему съ удовольствіемъ; но есть вещи, который я люблю больше добра — славу. Я такъ честолюбивъ и такъ мало чувство это было удовлетворено, что часто, боюсь, я могу выбрать между славой и добродѣтелыо первую, ежели бы мнѣ пришлось выбирать изъ нихъ. ______________\n\nДа, я не скроменъ; оттого то я гордъ въ самомъ себѣ, а стыдливъ и робокъ въ свѣтѣ. ______________\n\nУтромъ писалъ эту страницу и читалъ Louis Philipp’a. Послѣ обѣда уже очень поздно началъ писать 3[аписки] Ф[еерверкера] и до вечера написалъ довольно много несмотря на то, что у меня были Олхинъ и Андроповъ. Послѣ ухода Андроп[ова] ю я облокотился на балконъ и глядѣлъ на свой любимый фонарь, который такъ славно свѣтитъ сквозь дерево. Притомъ же послѣ нѣсколькихъ грозовыхъ тучь, которыя проходили и мочили нынче землю, осталась одна большая, закрывавшая всю южную часть неба и какая-то пріятная легкость и влажность въ воздухѣ.\n\nХозяйская хорошенькая дочка также, какъ я, лежала въ своемъ окнѣ, облокотившись на локти. По улицѣ прошла шарманка, и когда звуки добраго стариннаго вальса, удаляясь все больше и больше, стихли совершенно, дѣвочка до глубины души вздохнула, приподнялась и быстро отошла отъ окошка. Мнѣ стало такъ грустно — хорошо, что я невольно улыбнулся и долго еще смотрѣлъ на свой фонарь, свѣтъ котораго заслоняли иногда качаемыя вѣтромъ вѣтви дерева, на дерево, на заборъ, на небо, и все это мнѣ казалось еще лучше, чѣмъ прежде. —\n\nЯ долженъ упрекнуть себя нынче въ 3-хъ неосновательностяхъ: 1) что я забылъ о фортепьянахъ, 2) не позаботился о рапортѣ перевода и 3) что я ѣлъ боршъ съ поносомъ, который все усиливается. (3)", "pub_date": "1854-07-07T00:00:00Z", "author": 2, "group": 2, "image": ""}}, {"model": "posts.post", "pk": 15, "fields": {"text": "Утромъ читалъ и писалъ немного. Вечеромъ побольше, но все не только безъ увлеченія, но съ какою-то непреодолимой лѣнью. Рѣшился не брать фортепьянъ и отвѣтилъ Олхину, что у меня денегъ нѣтъ, чѣмъ онъ вѣрно обидѣлся, тѣмъ болѣе, что я подписалъ просто «весь вашъ». Открылъ я нынче еще поэтическую вещь въ Лермантовѣ и Пушкинѣ; въ первомъ Умирающій гладіаторъ. (Эта предсмертная мечта о домѣ удивительно хороша) и во второмъ Янко Марнавичь, который убилъ нечаянно своего друга. Помолившись усердно и долго въ Церкви, онъ пришелъ домой и легъ на постель. Потомъ онъ спросилъ у женѣ, не видитъ ли она чего нибудь въ окнѣ, она отвѣчала, что нѣтъ. Онъ еще разъ спросилъ, тогда жена сказала, что видитъ за рѣкой огонекъ; когда онъ въ третій разъ спросилъ, жена сказала, что видитъ — огонекъ сталъ побольше и приближается. Онъ умеръ. — Это восхитительно! А отчего? Подите объясняйте послѣ этаго поэтическое чувство. —", "pub_date": "1854-07-08T00:00:00Z", "author": 2, "group": 1, "image": ""}}, {"model": "posts.post", "pk": 16, "fields": {"text": "Утро и цѣлый день провелъ, то пиша З[аписки] Ф[еерверкера], которыя, между прочимъ, кончилъ, но которыми такъ не доволенъ, что едва ли не придется передѣлать все за ново или вовсе бросить, но бросить не однѣ З[аписки] Ф[еерверкера], но бросить все литераторство; потому что ежели вещь, казавшаяся превосходною въ мысли — выходитъ ничтожна на дѣлѣ, то тотъ, который взялся за нее, не имѣетъ таланта. То читалъ Гёте, Лермонтова и Пушкина. Перваго я плохо понимаю, да и не могу, какъ ни стараюсь, перестать видѣть смѣшное (du ridicule) въ нѣмецкомъ языкѣ. Во второмъ я нашелъ начало Измаилъ-бея весьма хорошимъ. Можетъ быть это показалось мнѣ болѣе потому, что я начинаю любить Кавказъ, хотя посмертной, но сильной любовью. Дѣйствительно хорошъ этотъ край дикой, въ которомъ такъ странно и поэтически соединяются двѣ самыя противуположныя вещи — война и свобода. — Въ Пушкинѣ же меня поразили Цыгане, которыхъ, странно, я не понималъ до сихъ поръ.\nДевизою моего дневника должно быть «non ad probandum, sed ad narrandum».", "pub_date": "1854-07-09T00:00:00Z", "author": 2, "group": 2, "image": ""}}, {"model": "posts.post", "pk": 17, "fields": {"text": "Писать не хочется, а я сказалъ уже, что принуждать себя ни къ чему не намѣренъ par parti pris. — Поэтому скажу только, что читалъ Лафонтена и Гёте, котораго начинаю день ото дню понимать лучше, и писалъ на бѣло З[аписки] Ф[еерверкера] очень мало и лѣниво, за что и дѣлаю себѣ упрекъ. (1)", "pub_date": "1854-07-10T00:00:00Z", "author": 2, "group": 1, "image": ""}}, {"model": "posts.post", "pk": 18, "fields": {"text": "Перечитывалъ Героя нашего времени, читалъ Гёте и только передъ вечеромъ написалъ очень мало. Почему? Лѣнь, нерѣшительность и страсть смотрѣть свои усы и фистулы. За что и дѣлаю себѣ 2 упрека. Нынче Бабарыкину, который былъ тутъ и ѣдетъ къ Генералу, поручилъ свой рапортъ о переводѣ. Еще упрекъ за то, что посмѣялся надъ Олхинымъ при Бабарыкинѣ. (3)", "pub_date": "1854-07-11T00:00:00Z", "author": 2, "group": 1, "image": ""}}, {"model": "posts.post", "pk": 19, "fields": {"text": "Утромъ Олхинъ пришелъ мнѣ объявить, что онъ ѣдетъ въ Леово, и хотѣлъ поручить своихъ лошадей и вещи, отъ чего я невольно отдѣлался, сказавъ ему, что у меня нѣтъ денегъ. — Въ самомъ дѣлѣ я опять въ самомъ затруднительномъ денежномъ положеніи: ни копейки, по крайней мѣрѣ до половины Августа, не предвидится ни откуда, исключая фуражныхъ, и долженъ Доктору. Не предвидится, я говорю, потому что нынче получилъ Современникъ и убѣжденъ, что рукописи мои сидятъ гдѣ нибудь въ таможнѣ. Это дѣло я разъясню, какъ выздоровлю. Вечеромъ я имѣлъ случай испытать воображаемость своего перерожденія къ веселой жизни. Хозяйская прехорошенькая замужняя дочь, которая безъ памяти глупо кокетничала со мной, подѣйствовала на меня — какъ я ни принуждалъ себя — какъ и в старину, т. е. я страдалъ ужасно отъ стыдливости.\n\nНынче въ разговорѣ съ Докторомъ изчезъ глупый — и несправедливый взглядъ, который я имѣлъ на Валаховъ — взглядъ, общій всей арміи и заимствованный мной отъ дураковъ, съ которыми я до сихъ поръ водился. — Судьба этаго народа мила и печальна. Читалъ я нынче и Гёте и Лермантова драму, въ которой нашелъ много новаго, хорошаго, и Холодный домъ Дикенса. Вотъ ужъ 2-й день, что я покушаюсь сочинять стихи. Посмотримъ, что изъ этаго выйдетъ. —\n\nУпрекнуть долженъ себя нынче только за лѣнь, хотя писалъ и обдумалъ впередъ много хорошаго, но слишкомъ мало и лѣниво. (1)", "pub_date": "1854-07-11T00:00:00Z", "author": 2, "group": 1, "image": ""}}, {"model": "posts.post", "pk": 20, "fields": {"text": "Съ утра чувствовалъ въ головѣ тяжесть и не могъ преодолѣть себя, чтобы заниматься. Весь день читалъ Современникъ. Эсфирь (Холодный домъ) говоритъ, что дѣтская молитва ея состояла въ обѣщаніи, которое она дала Богу 1) всегда быть трудолюбивой, 2) чистосердечной, 3) довольной и 4) стараться снискивать любовь всѣхъ окружающихъ ее.\n\nКакъ просты, какъ милы, удобоисполнимы и велики эти 4 правила. Вечеромъ позвалъ къ себѣ Антропова, чтобы взять денегъ, и спорилъ съ нимъ, т. е. присутствіе его возбуждало мои мысли. Я люблю это, хотя къ этому примѣшивается всегда непріятное и дурное чувство, что онъ не можетъ оцѣнить моихъ мыслей. Зашелъ и Шубинъ съ своимъ тщеславно униженнымъ лицомъ и взглядомъ на вещи. За что я это написалъ? Не знаю. — Упрекаю себя за лѣнь. (1)", "pub_date": "1854-07-12T00:00:00Z", "author": 2, "group": 2, "image": ""}}, {"model": "posts.post", "pk": 21, "fields": {"text": "Моя молитва. «Вѣрую во единаго всемогущаго и добраго Бога, въ безсмертіе души и въ вѣчное возмездіе по дѣламъ нашимъ; желаю вѣровать въ религію отцовъ моихъ и уважаю ее». ——\n\n«Отче нашъ» и т. д. «За упокой и за спасеніе род[ителей]». «Благодарю тебя, Господи за милости Твои, за то... за то и за то. (При этомъ вспомни все, что было для тебя счастливаго.) Прошу, внуши мнѣ благія предпріятія и мысли, и дай мнѣ счастія и успѣха въ нихъ. — Помоги мнѣ исправляться отъ пороковъ моихъ; избави меня отъ болѣзней, страданій, ссоръ, долговъ и униженій. —\n\nДаруй мнѣ въ твердой вѣрѣ и надеждѣ на Тебя, въ любви къ другимъ и отъ другихъ съ спокойной совѣстью и пользой для ближняго жить и умереть. Даруй мнѣ творить добро и избѣгать зла; но будетъ со мной добро или зло, да будетъ пресвятая воля твоя! Даруй мнѣ добра, истиннаго! Г[оспо]ди помилуй! Г[оспо]ди помилуй, Г[оспо]ди помилуй! —\n\nУтро очень позднее, потому что всталъ въ 10, читалъ о Черногоріи, писалъ немного и болталъ съ товарищами, которые зашли ко мнѣ. Послѣ обѣда долженъ былъ принуждать себя, чтобы написать немного и не отчетливо. Часовъ въ 9 пріѣхалъ Бартоломей, съ нимъ я выѣхалъ въ первый разъ, былъ въ Херестреу и болталъ до 12. Могъ бы упрекнуть себя за лѣнь, но принявъ во вниманіе стараніе и болѣзнь — прощаю, но —подлость, когда я попросилъ Доктора разрѣзать мнѣ дырочку и потомъ испугался и просилъ отложить, стоитъ палокъ, плетей. (1)", "pub_date": "1854-07-13T00:00:00Z", "author": 2, "group": 1, "image": ""}}, {"model": "posts.post", "pk": 22, "fields": {"text": "Утромъ, кромѣ обыкновенная чтенія Гёте и подвертывавшихся книжонокъ, написалъ Жданова, но насчетъ личности Велинчука все еще не рѣшился. — Нынче опять рѣзали мнѣ пахъ и опять я принималъ клороформъ. Впечатлѣніе было ужъ не такъ непріятно, но такъ странно — я слышалъ звонъ инструментовъ, но не слыхалъ боли. Вечеръ сидѣли у меня Новережскій, Шубинъ и Антроповъ. Получилъ письмо отъ старосты: Цвѣтковъ Терентій и 2 дворовые пойдутъ въ рекр[уты], выборъ хорошъ. Старый Башибузукъ непремѣнно хочетъ, прежде чѣмъ пустить въ ходъ мой переводъ, извѣстить о томъ Князя. Не подумать ли мнѣ о этомъ переводѣ? Можетъ быть я не переработаю свой характеръ, a сдѣлаю только одну и важную глупость изъ желанія переработать его. Есть-ли нерѣшительность капитальной недостатокъ — такой, отъ котораго нужно исправляться? Не есть ли два рода характеровъ одинаково достойные: одни рѣшительные, другіе обдуманные? Не принадлежу [ли] я къ послѣднимъ? И желаніе мое исправиться не есть ли желаніе быть тѣмъ, чѣмъ я не есмь, какъ говоритъ A[lphonse] Karr. Мнѣ кажется, что это правда. Есть недостатки болѣе положительныя (абсолютныя), какъ то лѣнь, ложь, раздражительность, эгоизмъ, которыя всегда недостатки. —————", "pub_date": "1854-07-14T00:00:00Z", "author": 2, "group": 2, "image": ""}}, {"model": "posts.post", "pk": 23, "fields": {"text": "Рано нынче разбудилъ меня Докторъ, и благодаря этому случаю, я написалъ въ утро довольно много — все передѣлывалъ старое — описаніе солдатъ. — Вечеромъ тоже пописалъ немного и читалъ Verschwörung von Viesko. Я начинаю понимать драму вообще. Хотя въ этомъ я иду совершенно противуположнымъ путемъ большинству, я доволенъ этимъ какъ средствомъ, дающимъ мнѣ новое поэтическое наслажденіе. Послѣ чая зашелъ ко мнѣ Шубинъ, Тишкевичъ и Вержбицкій, который много интереснаго мнѣ прекрасно разсказывалъ про дѣло подъ Слободзеей. Я очень недоволенъ собой, первое за то, что срывалъ цѣлый день прыщи, которыми у меня покрыто лицо и тѣло и носъ, что начинаетъ мучить меня, и второе, за глупое бѣшенство, которое вдругъ напало на меня за обѣдомъ на Алешку. (2) ————————————————", "pub_date": "1854-07-15T00:00:00Z", "author": 2, "group": 1, "image": ""}}, {"model": "posts.post", "pk": 24, "fields": {"text": "Съ 10 часовъ до 2 писалъ пристально и окончилъ описаніе солдатъ; за то дальше идетъ туго. Былъ вечеромъ у меня Д. Горчаковъ, и дружба, которую онъ показалъ мнѣ, произвела это славное замираніе сердца, которое производитъ во мнѣ истинное чувство и котораго я давно не испытывалъ. Потомъ заѣхалъ Бартоломей, и я вѣрно обидѣлъ его немного тѣмъ, что сказалъ, что у него дурной выговоръ. Пора мнѣ перестать водиться съ молодежью, хотя я никогда и не водился съ ней хорошенько, какъ другіе; но дѣло въ томъ, что теперь мнѣ легче и пріятнѣе быть съ стариками, чѣмъ съ очень молодыми людьми. Здоровье такъ сякъ. Забылъ записать что-то хорошее или важное — не помню. Упрекаю себя нынче только за Бартоломея. ——————", "pub_date": "1854-07-16T00:00:00Z", "author": 2, "group": 1, "image": ""}}, {"model": "posts.post", "pk": 25, "fields": {"text": "Обѣдъ мой не удался: ни Горчаковъ, ни Докторъ не могли быть. Одинъ Бартоломей ѣлъ моего поросенка и восхищался Шиллеромъ. — До обѣда читалъ, послѣ обѣда читалъ и — странная вещь — заснулъ до 8 часовъ, такъ что цѣлый день ничего не сдѣлалъ. — Новережскій привезъ мнѣ 45 р., изъ кот[орыхъ] я намѣренъ дать 40 доктору, а на остальные, призанявши еще у Горчакова, ѣхать въ Бузео и тамъ ожидать Штаба и выздоровленія. — Много нынче заслужилъ я упрековъ. 1) За глупую фантазію и, главное, — неисполненную фантазію покупать лошадь у Николаева, и 2) за цѣлый день безъ дѣла. (2)", "pub_date": "1854-07-18T00:00:00Z", "author": 2, "group": 2, "image": ""}}, {"model": "posts.post", "pk": 26, "fields": {"text": "Вчера утро читалъ и сбирал[ся] къ отъѣзду. Вечеромъ выѣхалъ самымъ безалабернымъ и нерѣшительнымъ образомъ съ Малышевымъ въ Мара-Домняска, гдѣ и пробылъ нынѣшній день. За эти оба дня упрекаю себя 1) за нерѣшительность при выѣздѣ, 2) за раздражительность вчера утромъ съ Алешкой и 3) немножко за лѣнь вчера. — (3)", "pub_date": "1854-07-20T00:00:00Z", "author": 2, "group": 1, "image": ""}}, {"model": "posts.post", "pk": 27, "fields": {"text": "[Синешти.] Рано утромъ меня разбудили и повезли въ Синешти. Вообще недоволенъ я сегодничнымъ днемъ. — Почему-то — не отъ лѣни, а за занятіями ѣдой и палаткой, не было какъ-тο время. — Я ровно ничего не дѣлалъ, даже не читалъ. — Стою и завелъ артель съ немножко не порядочными людьми и, признаюсь, иногда жалѣю, что не въ той артели. Однако, кромѣ того, что это дастъ мнѣ время заниматься, я доволенъ и тѣмъ, что веду себя хорошо — не отталкиваю и не схожусь слишкомъ близко. Глупый старикъ опять разсердилъ меня своей манерой не кланяться. Надо будетъ дать ему шикнотку. Вчера забылъ записать удовольствіе, которое мнѣ доставилъ Шиллеръ своимъ Рудольфомъ Габсбургскимъ и нѣкоторыми мѣлкими философскими стихотвореніями. Прелестна простота, картинность и правдоподобная тихая поэзія въ первомъ. Во второмъ-же поразила меня, записалась въ душѣ, какъ говоритъ Бартоломей, мысль, что, чтобы сдѣлать что нибудь великое, нужно всѣ силы души устремить на одну точку. —\nУпреки 1) за невоздержность и нерѣшительность въ томъ, что я ѣлъ сыръ, и 2) праздность цѣлаго дня, особенно ежели я хоть немного не поработаю теперь. (2)", "pub_date": "1854-07-21T00:00:00Z", "author": 2, "group": 1, "image": ""}}, {"model": "posts.post", "pk": 28, "fields": {"text": "Опять переходъ, несмотря на который я бы былъ доволенъ сегодничнымъ днемъ, ежели-бы не глупое требованіе Кыржановскаго, чтобы я ѣхалъ въ Леово. Я ходилъ къ нему утромъ и имѣлъ слабость и глупость не разбудить его; потомъ заснулъ, пообѣдалъ и написалъ немного. Здоровье хорошо и завтра являюсь къ обоимъ Начальникамъ и подаю оба рапорта. — Упрекъ за нерѣшительность съ Крыжанов[скимъ]. (1)", "pub_date": "1854-07-22T00:00:00Z", "author": 2, "group": 1, "image": ""}}, {"model": "posts.post", "pk": 29, "fields": {"text": "Нынче съ утра ходилъ объясняться и являться къ начальству. Вышло, что Крыжановскій сказалъ, чтобы я ѣхалъ въ батарею. Тишкевичъ насплетничалъ мнѣ это, и я шелъ къ Крыж[ановскому] съ дрожащими губами. Но несмотря на всю злобу, я былъ слабъ и позволилъ замаслить это дѣло. Остальное время дня читалъ хорошенькую повѣсть Бернара и написалъ письмо Валерьяну. Меньше, чѣмъ когда, я съ дня своего выздоровленія чувствую себя способнымъ къ общежитію и равнодушно-веселому взгляду на жизнь. Подалъ другой рапортъ о переводѣ.\n\nУпрекаю себя за лѣнь. Въ цѣлый день ровно ничего не сдѣлалъ. ————— (1)", "pub_date": "1854-07-23T00:00:00Z", "author": 2, "group": 1, "image": ""}}, {"model": "posts.post", "pk": 30, "fields": {"text": "[Курешти?] Утромъ Новережскій съ подтянутой мордой принесъ мнѣ назадъ мой рапортъ съ надписью Крыжановскаго. Всѣ эти мѣлкія непріятности такъ меня разстроили, что я рѣшительно цѣлый день былъ самъ не свой, лѣнивъ, апатиченъ, не въ состояніи ни за что приняться, съ людьми молчаливъ, стыдливъ до поту. Я это испыталъ у Бабарыкина, сначала съ Зыбинымъ, Фриде и Балюзекъ, а вечеромъ съ Крыжановскимъ и Сталыпинымъ. Я слишкомъ честенъ для отношеній съ этими людьми. — Странно, что только теперь я замѣтилъ одинъ изъ своихъ важныхъ недостатковъ: оскорбительную и возбуждающую въ другихъ зависть — наклонность выставлять всѣ свои преимущества. Чтобы внушить любовь къ себѣ, напротивъ, нужно скрывать все то, чѣмъ выходишь изъ общаго разряда. Поздно я понялъ это. Не буду подавать рапорта, пока не буду въ состоянии завести лошадей, и употреблю всѣ средства для этаго. Пока не буду ни съ кѣмъ имѣть другихъ отношеній, какъ по службѣ. — Упрекаю себя за лѣнь. ——— (1)", "pub_date": "1854-07-24T00:00:00Z", "author": 2, "group": 1, "image": ""}}, {"model": "posts.post", "pk": 31, "fields": {"text": "Рано выступили изъ Курешти и всю дорогу я ужасно мучался, какъ физически — лицо у меня страшно горѣло и выметало, — такъ и морально. Такъ называемые аристократы возбуждаютъ во мнѣ зависть. Я неисправимо мелоченъ и завистливъ.\n\nПослѣ обѣда я зашелъ къ старику и засталъ у него кампанію Адъют[антовъ] Фельдм[аршала], въ которой мнѣ было невыносимо тяжело. Потомъ Салтыковъ, когда я 3-й разъ вспоминалъ, гдѣ мы съ нимъ видѣлись, сказалъ мнѣ, что «это было тогда, когда мы съ вами дни проводили вмѣстѣ». Это никогда не было. И это было для меня во время безсонной ночи, которую я проводилъ нынче, однимъ изъ тѣхъ воспоминаній, при кот[орыхъ] вскрикиваешь. Вечеромъ съ Ферзеномъ я зашелъ къ нимъ и, не говоря уже про Сухтелена, котораго я долженъ былъ заставить поклониться мнѣ, веселый Корсаковъ, который славно поетъ цыганскія пѣсни, навелъ на меня ужасную тоску и зависть. Въ заключеніи всего, я даже съ Тышкевичемъ такъ жолчно заспорилъ о какой-то глупости, что оскорбилъ его. Какой это ничтожный человѣкъ! подумали бы тѣ, кот[орые] прочли бы эту страницу. — «Несчастный, испорченный нравъ!!» И неужели нельзя поправить его? Найдти зло, говорятъ, уже есть половина дороги къ исправленію. Сколько времени и искренно я бьюсь изъ за этаго и все тщетно. Быть всегда довольнымъ, скромнымъ и трудолюбивымъ, вотъ чудныя правила! Коли бы я могъ слѣдовать имъ! Пора бы отчаяться въ исправленіи, а я все надѣюсь, все стараюсь.\n\nУпрекаю себя 1) за лѣнь, 2) за двоякую нескромность, совершенно противуположную съ Адъ[ютантами] Ф[ельдмаршала] и съ Тышкевичемъ.", "pub_date": "1854-07-25T00:00:00Z", "author": 2, "group": 1, "image": ""}}, {"model": "posts.post", "pk": 32, "fields": {"text": "[Бузео.] Опять переходъ — до Бузео. Баши-бузуки — какъ нарочно, согласились быть особенно милыми, но во мнѣ было слишкомъ много жолчи. Я дичился. И опять оскорбилъ Тышкевича. — Вообще рѣдко помню, чтобы я, во всѣхъ отношеніяхъ, былъ въ такомъ ужасномъ положеніи, какъ теперь. Болѣнъ, раздраженъ, совершенно одинокъ, — я всѣмъ съумѣлъ опротивѣть, — въ самомъ нерѣшительномъ и дурномъ служебномъ положеніи и безъ денегъ. — Нужно выйдти изъ этаго положенія. — Лечиться пристальнѣе, перетерпѣть непріятность новаго сближенія съ товарищами. Объясниться о службѣ съ Генераломъ или Крыжановскимъ и достать денегъ. Упрекаю 1) за лѣнь, 2) за нескромность съ Сухтеленомъ и съ Тышкевичемъ и 3) за необдуманность, недовольство и нерѣшительность къ исправленію своего положенія. ————————— (4)", "pub_date": "1854-07-26T00:00:00Z", "author": 2, "group": 1, "image": ""}}, {"model": "posts.post", "pk": 33, "fields": {"text": "Цѣлый день пробылъ на мѣстѣ, ни съ кѣмъ не видѣлся, кромѣ Тишкевича и Адъютантовъ, которые всѣ, какъ мнѣ кажется, дичатся меня, какъ disgracié.\n\nСмѣшно! Я доволенъ своимъ днемъ, ежели бы не лѣнь и не 2 дѣвки у хозяйки, которымъ я не могъ рѣшиться слова сказать и два часа ходилъ около дома. Кое какія мысли приходили въ голову, но я чувствую, какъ память притупляется, любовь и уваженіе и довѣріе къ уму исчезаютъ и я падаю въ мірѣ идеальномъ, не подвигаясь вслѣдствіе этого — какъ бы это должно было быть — въ мірѣ практическом. Именно одна изъ мыслей, по случаю которой мнѣ пришло въ голову это разсужденіе, было то, что — снискивать любовь ближняго напрасно. У Дик[енса] стоитъ наравнѣ съ другими правилами; это не можетъ быть правиломъ основнымъ, потому что оно сложно и состоитъ изъ многихъ. — А впрочемъ, несмотря на это, оно понятнѣе, всегда памятнѣе и какъ то ближе сердцу, чѣмъ другія правила основныя, какъ быть скромнымъ, довольнымъ, чистосердечнымъ.\n\nУпрекаю себя нынче 1) за праздность; потому что нынѣшній день, сколько бы я не старался оправдать себя, одинъ изъ тѣхъ, въ которыхъ, я долженъ признаться, я ровно ничего не сдѣлалъ. — Не оставилъ по себѣ никакого слѣда, и 2) за ребяческую нерѣшительность съ дѣвками. —————— (2)", "pub_date": "1854-07-27T00:00:00Z", "author": 2, "group": 1, "image": ""}}, {"model": "posts.post", "pk": 34, "fields": {"text": "Пишу въ самомъ пріятномъ веселомъ расположеніи духа, въ которомъ я провелъ весь вечеръ. Утро читалъ, объѣдался грушами и вмѣсто обѣда ѣлъ сыръ. Несмотря на кутежи у Сталыпина и Сержпутовскаго по случаю полученія наградъ, не завидовалъ, а провелъ день весело. Вечеромъ хватилъ босонож[ку] и выпилъ бокала два шампанскаго съ Шварц[емъ], Вейлеровскимъ [?] и Гембичомъ, потомъ болталъ съ Шубинымъ и съ Сашей Горчаковымъ. — Исключая праздности, днемъ своимъ очень доволенъ. (1)", "pub_date": "1854-07-28T00:00:00Z", "author": 2, "group": 2, "image": ""}}, {"model": "posts.post", "pk": 35, "fields": {"text": "Исправленіе мое идетъ прекрасно. Я чувствую, какъ отношенія мои становятся пріятны и легки съ людьми всякаго рода, съ тѣхъ поръ какъ я рѣшился быть скромнымъ и убѣдился въ томъ, что казаться всегда величественнымъ и непогрѣшнымъ вовсе не есть необходимость. Я очень веселъ. И дай Богъ, какъ мнѣ кажется, — чтобы веселье это происходило отъ самаго меня; отъ желаній всѣмъ быть пріятнымъ, скромности, необидчивости и внимательности за вспышками. — Тогда бы я всегда былъ веселъ и почти всегда счастливъ. Утромъ рѣшилъ было сидѣть дома, позаниматься, но дѣло не пошло и не утерпѣлъ вечеромъ, чтобы не пойдти пошляться.\n\nИдя отъ ужина, мы съ Тишк[евичемъ] остановились у бардели и насъ накрылъ Крыжановскій, что, признаюсь, было мнѣ не совсѣмъ пріятно. Упрекаю себя за безхарактерность, что не высидѣлъ дома, и зa праздность цѣлаго дня. Это главный пунктъ. (2)", "pub_date": "1854-07-29T00:00:00Z", "author": 2, "group": 2, "image": ""}}, {"model": "posts.post", "pk": 36, "fields": {"text": "[Рымник.] Сдѣлалъ верхомъ переходъ до Рымника. [[5]] Старикъ все не кланяется мнѣ. Обѣ вещи эти злятъ меня. Съ встрѣчавшимися баши-бузуками велъ себя хорошо. Объяснился съ Крыжановскимъ. Онъ, не знаю зачѣмъ, совѣтуетъ мнѣ прикомандироваться къ казачьей батареѣ; совѣтъ, которому я не послѣдую. Желчно спорилъ вечеромъ съ Фриде и Бабарыкинымъ, ругалъ Сержпутовскому и ничего не сдѣлалъ, вотъ 3 упрека, которыя дѣлаю себѣ за нынѣшній день. (3)", "pub_date": "1854-07-30T00:00:00Z", "author": 2, "group": 1, "image": ""}}, {"model": "posts.post", "pk": 37, "fields": {"text": "[Фокшаны.] Еще переходъ до Фокшанъ, во время котораго я ѣхалъ съ Монго. Человѣкъ пустой, но съ твердыми, хотя и ложными убѣжденіями. Генерал[у] по этому должно быть случаю, угодно было спрашивать о моемъ здоровьи. Свинья! К[о]вырялъ носъ и ничего не написалъ — вотъ 2 упрека за нын[ѣшній] день. Послѣдній упрекъ становится слишкомъ частъ, хотя походъ и можетъ служить въ немъ отчасти извиненіемъ. Отношенія мои съ товарищами становятся такъ пріятны, что мнѣ жалко бросить штабъ. Здоровье кажется (2) лучше. ", "pub_date": "1854-07-31T00:00:00Z", "author": 2, "group": null, "image": ""}}, {"model": "posts.post", "pk": 39, "fields": {"text": "Hi there!", "pub_date": "2021-12-27T12:26:24.807Z", "author": 1, "group": null, "image": ""}}, {"model": "posts.post", "pk": 40, "fields": {"text": "Hello, again", "pub_date": "2021-12-27T12:27:02.312Z", "author": 1, "group": null, "image": ""}}, {"model": "posts.post", "pk": 41, "fields": {"text": "Этот пост был обновлен!", "pub_date": "2022-01-02T12:19:39.871Z", "author": 1, "group": null, "image": ""}}, {"model": "posts.post", "pk": 109, "fields": {"text": "В Таллине начала XX века\r\n\r\n(отрывок из статьи «Воспоминания из моей жизни»)\r\nИгорь Гирс\r\n\r\nАвтор публикуемых мемуаров, написанных в Ленинграде в 1976 г., принадлежит к шведской фамилии Гирс. В России она появилась в 1750 г., когда шведский коммерсант Лаврентий (Лоренц-­Фердинанд) Гирс приехал из Дании в Санкт-­Петербург. Он был женат на Анне-­Марии фон Гофберг и имел шестерых детей. Один из сыновей, Карл-­Корнелиус Гирс, стал родоначальником всех Гирсов, живших и живущих ныне в России. Три его сына: Карл-­Фердинанд, Константин и Александр — образовали три параллельные ветви, две из которых сыграли заметную роль в истории страны.\r\nСамый младший сын Карла-­Корнелиуса Гирса, Александр Карлович Гирс (1785–1859), стал основателем морской династии Гирсов. Он служил в лейб-драгунах и имел богатую военную биографию, полную боевых подвигов в вой­не с Наполеоном, был награжден орденом Георгия IV степени, Георгиевским оружием и орденом Анны II степени, дослужился до чина генерал-­майора. Был женат на Елизавете фон Тифенбах. Он и его жена похоронены в Санкт-­Петербурге на Смоленском лютеранском кладбище, причем до нашего времени чудом сохранились памятники на их могилах.\r\nСтарший сын Александра Карловича Гирса, Константин Александрович (1829–1888), был адмиралом, служил на Балтийском и Черном морях. Он участвовал в обороне Малахова кургана при осаде Севастополя. В 1885 г. его назначили командиром Свеаборгской крепости. Умер Константин Александрович в Гельсингфорсе (Хельсинки).\r\nЕго сын, Александр (1859–1917), дослужился до генерал-­майора флота, командовал крейсером «Олег» и 2-м Балтийским флотским экипажем; убит матросами во время Февральской революции.\r\nДругой сын Константина Александровича, Владимир Константинович Гирс (1861–1918), окончив в 1880 г. Морской корпус, занимал офицерские должности на императорских яхтах «Марево» и «Штандарт». В 1906–1908 гг. — командир крейсера «Богатырь», в 1909–1913 гг. — Ревельского порта, в 1913 г. — нового порта Императора Петра Великого в Ревеле. Вице-адмирал и начальник Главного управления кораблестроения. В августе 1918 г. во время красного террора был арестован и утоплен на барже в Финском заливе вместе с другими заложниками.\r\nЕго младший сын Игорь Владимирович Гирс (1902–1976) — автор воспоминаний, отрывок из которых мы публикуем.", "pub_date": "2022-02-09T09:41:26.573Z", "author": 3, "group": 4, "image": "posts/zDl3RwxR1ZU.jpg"}}, {"model": "posts.post", "pk": 110, "fields": {"text": "В1909 г. отец получил назначение на должность командира Ревельского военного порта с одновременным исполнением обязанностей директора маяков и лоций Балтийского моря. Наша семья переехала в Ревель, город Эстляндской губернии. Переезд происходил с помощью артели Харламова, которая взяла на себя все хлопоты по упаковке нашего имущества, доставке его в Ревель и распаковке на месте. В один прекрасный день к нам на квартиру явились артельщики, человек десять–двенадцать бородачей, с синими передниками, во главе с мастером. Они привезли доски, гвозди, стружку и другие упаковочные материалы. В квартире начался хаос, длившийся четыре или пять дней. Из буфетов вынималась посуда, из гостиной и других комнат — предметы, которые украшали наш быт и обеспечивали удобства жизни, из жилых комнат — носильные вещи и прочее, из кухни — утварь и т.  д. Всё тщательно запаковывалось и закладывалось в сундуки и ящики. Мебель, включая пианино, обеденный стол, письменные столы, диваны, кресла, стулья и кровати, запаковывалась в специально сколоченные для этого случая ящики. В конце концов всё уместилось на двадцати c лишним подводах, запряженных дюжими битюгами, и составился обоз, пошедший гужом в Ревель во главе с нашим лакеем Лукой Чередниченко, очень гордым от оказанного ему доверия.\r\nОбоз шел около 8–10 дней, с ночевками в пути в трактирах, и наконец прибыл в Ревель. Когда распаковали ящики и все поставили на места в отведенном казенном доме, специально предназначенном для командира порта, оказалось, что всё доставили в целости и сохранности, ни одна вещь, как бы она ни была мала или ценна, не пропала.\r\nВ просторном деревянном доме было около 18 комнат, из которых пять находились наверху, в мезонине. Эти комнаты сообщались с первым этажом двумя внутренними лестницами, одна из которых была чугунная винтовая. Мы, мальчики, то есть брат и я, жили в одной из комнат наверху. Рядом с нами в отдельной комнате жила гувернантка, молодая прибалтийская немка. Родители жили внизу, рядом с их спальней были комната сестры. С другой стороны от родителей была гостиная и танцевальная зала с белым роялем и теплая передняя.\r\nКомнаты для приезжающих, которые останавливались у нас часто погостить, располагались внизу и наверху. Большой кабинет отца с камином был обращен окнами в сад. Он сообщался через проходной малый кабинет со столовой, откуда одна дверь вела в буфетную и далее через коридор — на кухню и в две так называемые людские комнаты: одну для мужской прислуги и вторую — для женской. Со стороны сада была из столовой дверь на большую застекленную веранду. Веранда вела в сад площадью около одной десятины, с оранжереей и огородом с парником, где среди обычной зелени росли спаржа, артишоки и брюссельская капуста. В саду росли каштаны, клены и другие деревья, в том числе яблони и груши.", "pub_date": "2022-02-09T09:45:20.251Z", "author": 3, "group": 4, "image": "posts/wLZaBCnuSWM.jpg"}}, {"model": "posts.post", "pk": 111, "fields": {"text": "Перед фасадом дома был круглый палисадник, и дом, таким образом, стоял особняком. Палисадник имел чугунную ограду и двое чугунных ворот для въезда и выезда. В палисаднике росло много цветов и деревьев. Особенно мне запомнилась колоссальная ива из трех сросшихся внизу стволов.\r\nБудучи в Таллине после последней вой­ны, я обнаружил эту иву в целости, в то время как и описываемый дом, и сад были уничтожены. Местность трудно было узнать: на месте дома было построено трехэтажное здание какого-то Дома культуры, и только эти три ствола ивы помогли мне точно определить, где когда-то протекали годы моего счастливого детства и отрочества. В глубине сада был курятник, которым стал заведовать вышеупомянутый Чередниченко. Когда наступал момент резать кур для нашего обеда, Чередниченко надевал пестрый халат и турецкую феску с кисточкой и, вооружившись топором, отправлялся в курятник. Он считал, что куры его не узнают в таком маскарадном наряде, и он сможет продолжать за ними ухаживать, а они не будут в нем видеть злодея, систематически уничтожающего их племя.\r\nВ завершение описания нашего дома в Ревеле следует упомянуть, что в нем было три открытых балкона, из которых два наверху, две ванные комнаты и четыре уборные, одна из них т.  н. «людская». В глубине сада стояли конюшня и дом для садовника Германа, игравшего по вечерам на мелодичной цитре, и дворника со звучной фамилией Парапулька. Оба были эстонцы. В обязанности садовника входила забота о саде, поддержка в нем порядка и смена цветов в комнатах, а дворника — помимо обычных дворницких обязанностей, подъем ежедневно в восемь часов утра и спуск с заходом солнца адмиральского флага командира военного порта на флагштоке, установленном на крыше мезонина. Этот флаг был предметом зависти моих товарищей по Александровской гимназии, в 1-й класс которой я поступил в 1909 г. В конюшне не было лошадей. Почему-то отец их не держал и обычно ходил пешком или пользовался услугами извозчиков, стоявших на ближайшем углу в ожидании седоков.\r\nПереехав в Ревель, мы начали знакомство с достопримечательностями этого изумительно интересного города. Мама брала своим спутником обычно меня, и мы вместе восхищались и поражались его старинной архитектуре, средневековым башням и узким улицам Вышгорода и центральной части города. Особенно нас привлекала панорама средневекового города, открывающаяся со смотровых площадок Вышгорода. Высокие остроконечные красные черепичные крыши домов создавали незабываемое впечатление, которое до сих пор не изгладилось из моей памяти.\r\nНеоднократно гуляя по Ревелю, каждый раз мы находили все новые и новые уголки, придававшие неповторимый колорит и очарование этому городу, одновременно немецкому, эстонскому и русскому. На углах улиц были установлены таблички с названиями улиц на трех языках: повыше по-русски, затем по-немецки и, наконец, по-эстонски. Извозчики назывались по-немецки фурманами.\r\nВообще в то время хозяевами Ревеля, несмотря на русскую администрацию и эстонское население, чувствовали себя немцы, образовавшие свой довольно замкнутый слой общества. Они отдавали своих детей в немецкие средние учебные заведения при лютеранских соборах, в частности, наибольшее значение имел т.  н. «Домшуле» — среднее учебное заведение при Домском лютеранском соборе, где обучение шло на немецком языке. В этом учебном заведении обучались дети немецкого происхождения, в том числе отпрыски дворянских и баронских фамилий, поселившихся в Вышгороде или поблизости от него. В Ревеле были две правительственные русские гимназии: Александровская и Николаевская — и одно русское реальное училище. Нас с братом отдали в Александровскую гимназию, где обучались эстонцы и русские. Немцев, насколько я помню, там совсем не было. Сестра поступила в единоверческую русскую женскую гимназию.\r\nВ магазинах приказчики обращались с вопросами к покупателям на немецком языке, и когда им отвечали по-русски, переходили на русскую речь и делались менее любезными. Вообще сильно чувствовалось немецкое влияние во всем. Знаменитая ревельская кондитерская Штуде, изготовлявшая вкусные марципановые кондитерские изделия в виде совсем как настоящих грибов, фруктов, земляники, моркови, клубней картофеля, огурцов и т.  п., была тоже немецкой. Мы часто заходили туда, и там, в кондитерской, слышалась только немецкая речь. Эта кондитерская описана в известном романе Л. Соболева «Капитальный ремонт» как место встречи немецких шпионов.\r\nКак-то мы с мамой обратили внимание на интересное здание, как мы впоследствии узнали, — здание Братства черноголовых. Оно было построено в стиле Ренессанса в XV в. Ревельское Братство черноголовых образовалось в 1399 г. и состояло из купеческих сыновей и неженатых купцов. Они входили в Ганзейский союз, и, поскольку члены Братства вели торговлю со странами Африки, патроном общества был Св. Маврикий, единственный святой — негр, фигура которого стояла при входе наравне с изображением гербов городов, входивших в Ганзейский союз. Женившись, купец терял право быть членом Братства. В Домском соборе членам Братства отводились специальные места с низкой перегородкой. В 1940 г. после присоединения Эстонии к СССР эту организацию ликвидировали.\r\nРассказывают как анекдот любопытную историю о традициях Братства. Если член Братства перепьет и, будучи пьяным, нарушит порядок, его изгоняли из клуба, причем дежурный член клуба или один из его старост символически заметал за провинившимся следы, чтобы он больше сюда не возвращался. С таким позорным церемониалом был изгнан молодой русский морской офицер И. Н. Григорович. Каково же было положение правления клуба, когда через 20 или 30 лет Григоровича избрали почетным гражданином города Ревеля и в его честь устроили прием в клубе черноголовых!\r\nПо должности командира порта отец был старшим морским начальником в Ревеле. В связи с этим командиры и старшие офицеры, а также представители кают-компаний всех военных кораблей, приходивших в Ревель, наносили отцу визиты по установившемуся обычаю. Для этого у нас были назначены два приемных дня: воскресенье и среда, — когда с часа или двух часов дня могли заходить с визитом все желающие офицеры, а также представители русской администрации со взрослыми членами семей. Для приема гостей накрывался длинный стол на веранде или в столовой и сервировался чай с кондитерскими пирогами, различными ватрушками, пирожными от Штуде, конфетами и другими вкусными вещами. Обращаю внимание, что слово «торт» появилось в разговорном русском языке только после революции. До этого разнообразные вкусные сладкие изделия назывались «кондитерские пироги».", "pub_date": "2022-02-09T09:46:21.066Z", "author": 3, "group": 4, "image": "posts/bBkErgnegKM_gE4XMnS.jpg"}}, {"model": "posts.post", "pk": 112, "fields": {"text": "В погожие дни стол сервировался в саду. Отец там устроил теннисный корт. Так как обычные корты устраивались на глиняном основании и на них можно было играть только в специальных теннисных туфлях без каблуков, которых у гостей не могло быть с собой, то корт был сделан бетонным. Это позволило использовать его не только для тенниса, но и как площадку для катания на роликовых коньках, которых у нас имелось несколько комплектов разных размеров. В результате у нас собиралось еженедельно многочисленное разнообразное общество, весело проводившее время. Сестра же, достигшая пятнадцати лет, была непременным и непринужденным участником этих развлечений, собирала вокруг себя молодежь и пользовалась неизменным успехом у посещавших приемные дни молодых офицеров. Я уже заметил, что у нас была гувернантка. Мы разговаривали с ней по-немецки. У нее было свой­ственное прибалтийским немцам произношение, несколько отличавшееся от берлинского выговора, который преподавался в советское время. Например, она говорила, и мы вслед за ней научились говорить: «цвей» и «дрей» или «полицей», а по-берлински надо было говорить «цвай», «драй» и «полицай». Когда я уже в советское время изучал языки, мне приходилось переучиваться. Вообще же у нас за столом царил французский язык. Мама, знавшая французский в совершенстве, свободно на нем разговаривала с «мальчиками» и особенно с сестрой, которая тоже научилась бегло разговаривать на этом языке.\r\nВ нашей семье регулярно в течение трех лет пребывания в Ревеле проводились детские уроки бальных танцев. Через неделю, по воскресеньям, в 12 часов дня, собиралось человек 20–25 детей в возрасте от 8 до 15 лет, наших знакомых, и под звуки рояля в белом зале мы брали уроки под руководством бывшей отставной балерины. Мы довольно быстро разучили вальс, падепатинер, краковяк, падеспань, хиавату и другие т.  н. салонные танцы. Венцом обучения была мазурка, которую мы лихо отплясывали. После уроков танцев, которые продолжались полтора-два часа, пили в столовой шоколад с печеньем и пирожными от Штуде. У меня сохранилось самое приятное воспоминание об этих уроках. Мы перезнакомились друг с другом, подружились, и между мальчиками и девочками нередко возникало нежное чувство симпатии, которую нельзя было назвать любовью, но было, несомненно, что-то вроде нее, во всяком случае, чувство взаимной дружбы.\r\nУ меня была постоянная партнерша, с которой я обычно танцевал, Мура Евреинова, но наша преподавательница требовала, чтобы мы меняли своих партнерш и привыкали танцевать с разными дамами. Тем не менее, когда можно было, я старался улизнуть от навязанной мне дамы и вернуться к постоянной партнерше, с которой мне было легко и удобно танцевать. Помню, накануне нашего отъезда из Ревеля в связи с назначением отца в Петербург была устроена прощальная поездка в Екатериненталь (так назывался тогда загородный парк, по-эстонски — Кадриорг). Мы с Мурой ходили по парку вдвоем, взявшись за руки, печальные, переживая скорую разлуку, а за нами следом шли две наши гувернантки, о чем-то между собою толкуя.\r\nВ парке Екатериненталь в конце XIX столетия был сооружен весьма популярный памятник броненосной канонерской лодке «Русалка», затонувшей при переходе из Ревеля в Гельсингфорс в бурную погоду, причем никто из моряков не спасся. Этот памятник изображал ангела, лицом обращенного к морю, на высоком пьедестале, благословляющего крестом море и погибших моряков. Все фамилии были перечислены на окружающих памятник тумбах с цепями. Это было любимое место для прогулок ревельцев, откуда хорошо виднелся силуэт города на той стороне бухты, с приметным шпилем собора Олевисте и башнями.\r\nБольшим событием в Ревеле были торжества по случаю закладки военного порта Императора Петра Великого. По утвержденной Государственной думой в 1912 г. кораблестроительной программе, включающей постройку на судостроительных заводах восьми линейных дредноутов, четырех линейных крейсеров, двенадцати легких крейсеров, 42 эскадренных миноносцев, подводных лодок, было запланировано сооружение в Ревеле доков, пирсов, складов на территории старого военного порта, а также колоссального длинного волнолома, охватывающего всю Ревельскую бухту, включая острова Нарген и Вульф (cейчас Найссаар и Аэгна. — Прим. ред.).\r\nНа эти торжества прибыли на большой императорской яхте «Штандарт» Николай II, Александра Феодоровна с наследником и всеми четырьмя великими княжнами. У острова Нарген расположились корабли Балтийского флота, стоявшие на рейде полукругом. На острове был сооружен специальный павильон, убранный коврами и дорожками, аналой для торжественного богослужения. В порту приглашенных на торжества ждали катера, которые доставляли их к месту действия. Некоторые катера обслуживались гардемаринами Морского корпуса.", "pub_date": "2022-02-09T09:47:24.647Z", "author": 3, "group": 4, "image": "posts/jZd66BD5mKM.jpg"}}, {"model": "posts.post", "pk": 113, "fields": {"text": "На катере, которым мы воспользовались, стоял кормовым крючковым какой-то чистенький гардемарин, привлекший внимание сестры своей наружностью. Сестра, не подумав и не зная, что это стоит гардемарин, а не матрос, обратила внимание матери вслух по-французски, выражая свое восхищение его внешностью и выправкой. Тогда этот гардемарин на чистейшем французском поблагодарил сестру за ее отзыв, чем вогнал ее в краску. После этого случая она стала осторожней. Вообще русские, привыкшие говорить между собой по-французски, часто попадали впросак, забывая, что их могут понять окружающие.\r\nНа острове Нарген у царского павильона все стали по чинам, дамы в ряд, отдельно, дети тоже. Николай II обходил присутствующих, в частности дам, которые неловко низко приседали, делая придворный реверанс. Некоторым он задавал вопросы, не требовавшие большого напряжения ума, например: «Не правда ли, сегодня хорошая погода?» или «Как поживают ваши детки?», или «Как вам нравится церемония?» Дамы краснели и отвечали невпопад.\r\nЗатем состоялось богослужение, которое провел митрополит Петербургский и Гдовский в сопровождении сонма духовенства. Николай II и наиболее почетные гости приступили к закладке. Строительные рабочие, в белых передниках и празднично одетые, на подносе держали серебряный мастерок, и царь, а за ним все остальные именитые гости, укладывали в заранее приготовленные места камни и замазывали их раствором цемента. В это мгновение раздался салют в 101 выстрел со всех кораблей, стоявших на якоре в бухте, и торжественно прозвучал государственный гимн. Это было незабываемое зрелище, так как присутствующим удалось увидеть и услышать салют с тридцати кораблей, овеянных дымками пороховых взрывов.\r\nДругим торжеством было приуроченное к празднованию 300-летия дома Романовых открытие памятника Петру I на центральной площади Ревеля, у подножья Вышгорода. Эта площадь называется теперь площадью Победы (во времена СССР, сейчас — площадь Свободы. — Прим. ред.).\r\nПамятник был отлит из бронзы. Петр в больших ботфортах, опершись на эфес шпаги, стоял и смотрел на Вышгород. На открытие памятника приехал великий князь Константин Константинович, и его пребывание сопровождалось рядом празднеств. Нас, гимназистов, построили на улице вдоль маршрута его проезда и заставили кричать «ура» и кидать вверх фуражки. Рекомендовалось стать на колени, но никто, насколько я помню, не воспользовался этой рекомендацией. В годы независимости Эстонии памятник убрали. Место, где он стоял, сровняли с землей, а часть памятника, бюст, установили за домиком Петра в Кадриорге (он пропал во время немецкой оккупации. — Прим. ред.).\r\nВокруг Ревеля было несколько мест для интересных экскурсий. Обычно родители нанимали ландо, и мы отправлялись на целый день с самоваром, бутербродами и холодными котлетами, которые везла наша горничная, сидевшая на облучке рядом с кучером.\r\nСамым популярным местом для таких прогулок были величественные развалины монастыря Св. Бригитты, расположенные за Екатериненталем, на берегу речки Пириты, недалеко от ее устья при впадении в Ревельскую бухту.\r\nМонастырь, построенный в XV в., наполовину женский, наполовину мужской, был разрушен в Ливонскую вой­ну. Монументальные стены, и в особенности высокий западный треугольный фронтон со ступенчатыми нишами, высеченный из плитняка каменный портал, сохранившиеся части каменных переплетов создавали неизгладимое впечатление. Мы бродили по развалинам и поднимались по внутренней лестнице, устроенной в толстой каменной стене, на смотровую площадку, откуда далеко были видны окрестности и Ревель.", "pub_date": "2022-02-09T09:48:20.632Z", "author": 3, "group": 4, "image": "posts/ZYeqw1_1Rp8.jpg"}}, {"model": "posts.post", "pk": 114, "fields": {"text": "Мы ездили также в местечко Немие (Нымме), расположенное к западу от города. Там какой-то богатый чудак (Николай фон Глен. — Прим. ред.), увлеченный Средневековьем, соорудил в конце XIX в. замок и смотровую башню, на которую можно было подняться только по наружной лестнице. На вершине башни разводили сигнальный костер. Оттуда хорошо просматривалась окружающая местность, и в неожиданном ракурсе был виден характерный силуэт Ревеля. Кроме того, этот чудак понаделал из камня несколько больших фигур, изображавших мифических зверей и героев из эстонского эпоса, в частности черта с рогами. Дети лазали по этим чудовищам и воображали себя героями эстонских сказок.\r\nБудучи позднее в Ревеле, я навестил Немие. Псевдосредневековый замок разрушился, мифические фигуры развалились, осталась только одна башня, и то она была не в порядке (замок Глена был восстановлен в 60–70-е гг. XX в. Сейчас принадлежит Таллинскому политехническому институту. — Прим. ред.).\r\nВернусь к своим детским воспоминаниям. Готовила нам кухарка Августа, финка по происхождению, служившая еще у моего деда, когда он был командиром Свеаборгского порта в Гельсингфорсе. Как ее раздобыл мой отец, я не знаю, но готовила она прекрасно, французскую кухню знала отлично, и я как сейчас помню приготовленные ею блюда, отличавшиеся отменным тонким вкусом, так же, как разнообразные соусы к ним. Отец любил вкусно поесть, понимал толк, и по вечерам, когда семья кончала пить вечерний чай, он призывал Августу в столовую и долго с нею обсуждал меню на завтра. Надо сказать, что, часто присутствуя при таких обсуждениях и привыкнув к высококачественному приготовлению пищи, которое у нас было, я сам прекрасно разбирался в тонкостях кухни и приготовлении ряда блюд, что мне в жизни очень пригодилось.\r\nОсобенно долгие такого рода совещания происходили накануне званых обедов, когда отец хотел блеснуть перед гостями столом, тщательностью приготовления пищи и способностями Августы.", "pub_date": "2022-02-09T09:49:13.818Z", "author": 3, "group": 4, "image": "posts/5Jd-H5tjLrg.jpg"}}, {"model": "posts.post", "pk": 115, "fields": {"text": "Званые обеды у нас бывали довольно часто, поскольку отцу приходилось давать по своей должности официальные обеды и просто так созывать или принимать знакомых. Званые, да, пожалуй, и просто обеды, когда к столу приглашались двое или трое морских офицеров, прибывших в Ревель на своих кораблях, проходили весьма церемонно, подчиняясь правилам этикета, из которых большинство сейчас забыто.\r\nК обеду нельзя было опаздывать. Самое большее опоздание в 3–5 минут допускалось как исключение, и прибывать на обед задолго до назначенного времени тоже считалось неприличным. Таким образом, все приглашенные собирались за 10–15 минут до назначенного времени. Мы, дети, на официальных обедах не присутствовали, и нам с гувернантками накрывался обеденный стол в детской. На простых обедах или, как тогда говорили, на обедах «запросто», мы, конечно, присутствовали, так же, как гувернантки, которые разговаривали с присутствующими на своем родном языке.\r\nВ начале обеда все закусывали а la fourchette, т.  е. накрывался в стороне отдельный небольшой стол с закусками и водкой. Тарелочки ставились стопками с красиво разложенными закусочными вилками и ножами. Каждый подходил к закусочному столу, брал тарелочку и накладывал себе что хотел, а в стопки или чарки наливал водку. Закуски бывали горячие и холодные, всего 10–15 наименований. Эта процедура длилась около 15 минут. На обедах «запросто» закусочный стол не накрывался, и закуски трех-четырех видов ставились на обеденный стол. В этом случае закусочные тарелочки находились поверх мелких тарелок за каждым прибором.\r\nКогда на званых обедах кончалась закуска, все рассаживались согласно карточкам, на которых писалось имя, отчество и фамилия каждого присутствующего на обеде лица. Карточки украшали виньетками или рисунком и клали у каждого прибора на салфетку или на тарелку перед салфеткой. Жен и мужей сажали раздельно, рядом им сидеть не полагалось. Об этом должны были подумать хозяева, составляя каждый раз план рассаживания гостей за обеденным столом. Хозяйка и хозяин сидели друг против друга, посередине стола или по сторонам на противоположных концах. По правую руку хозяйки сидел наиболее уважаемый или почетный гость, а по правую руку хозяина — его жена или другая почтенная дама. Соответственно, по левую руку хозяйки и хозяина сажали гостя или гостью, занимающих второе по значению или положению место в обществе. Остальные гости рассаживались по сторонам хозяев, но так, чтобы мужчины и дамы чередовались друг с другом. На концах стола сидела молодежь. Считалось, что женщина, сидящая за столом с правой стороны мужчины, является его дамой, и он должен проявлять внимание и заботу и, чтобы ей не было скучно, занимать ее разговором.\r\nОбед включал обычно четыре или пять блюд, а именно: суп, рыбное блюдо, жаркое из ­какого-либо мяса, овощное блюдо и сладкое, наконец, десерт и кофе. Водка на стол не подавалась, к рыбе разливали белое сухое вино в цветные, обычно зеленые рюмки, к жаркому пили красное, которое наливали в прозрачные рюмки, к десерту — коньяки и ликеры в маленьких рюмках. В большие рюмки наливались хлебные кислые квасы. Минеральную воду к столу тогда не подавали. Шампанское пили только во время или после десерта, и тогда произносили тосты и говорили речи. Курить разрешалось только после жаркого, и то с позволения хозяйки дома.\r\nМиска с супом стояла на маленьком служебном столике. Суп разливался лакеем и подавался каждому сидящему за столом по старшинству. Хозяйке и хозяину суп, как и все другие блюда, подавали последним. Блюда с рыбой и жарким, так же, как и овощные блюда и сладкие, обносились лакеем в том же порядке, что и суп, слева от сидящих за столом, которые накладывали сами себе на тарелку что им нравилось. Вина ставили на стол только в графинах, бутылки на стол не ставились, разве что коллекционные. Грязная посуда на столе ни в коем случае не накапливалась. Ее убирали лакей и его помощница по мере того как сидящие за столом заканчивали есть очередное блюдо, в следующем порядке: убирающий становился за спиной обедающего, левой рукой брал грязную тарелку, после чего правой на освободившееся место ставил чистую. Использованные вилка и нож должны были быть положены обедающим на грязную тарелку и убираться прислугой одновременно с тарелками. Лакей и помогающая ему горничная обязаны были надевать белые нитяные перчатки.", "pub_date": "2022-02-09T09:49:57.103Z", "author": 3, "group": 4, "image": "posts/jZd66BD5mKM_I09rhmh.jpg"}}, {"model": "posts.post", "pk": 116, "fields": {"text": "qwq", "pub_date": "2022-02-09T12:35:51.910Z", "author": 3, "group": null, "image": "posts/image-placeholder-title_vB3oGja.jpg"}}, {"model": "posts.post", "pk": 117, "fields": {"text": "qw", "pub_date": "2022-02-11T10:15:34.616Z", "author": 3, "group": null, "image": "posts/01_MeerKAT_GC_Galactic_Centre_dual_colour_highres.jpg"}}, {"model": "posts.post", "pk": 118, "fields": {"text": "qwqwqw", "pub_date": "2022-02-16T06:48:34.970Z", "author": 3, "group": 2, "image": ""}}, {"model": "posts.group", "pk": 1, "fields": {"title": "Лев Толстой – зеркало русской революции", "slug": "classic", "description": "Классики русской литературы"}}, {"model": "posts.group", "pk": 2, "fields": {"title": "Драматурги", "slug": "drama", "description": "Золотой фонд отечественной драматургии"}}, {"model": "posts.group", "pk": 4, "fields": {"title": "Игорь Гирс", "slug": "tallin", "description": "Воспоминания из моей жизни"}}, {"model": "posts.group", "pk": 5, "fields": {"title": "de", "slug": "de", "description": "de"}}, {"model": "posts.follow", "pk": 36, "fields": {"user": 3, "author": 1}}, {"model": "posts.follow", "pk": 37, "fields": {"user": 3, "author": 2}}, {"model": "thumbnail.kvstore", "pk": "sorl-thumbnail||image||027f580d76e2b8ec508920435bf30a1e", "fields": {"value": "{\"name\": \"cache/d1/1a/d11a14d5c4b6d7c3f534dd37be8ab491.jpg\", \"storage\": \"django.core.files.storage.FileSystemStorage\", \"size\": [360, 139]}"}}, {"model": "thumbnail.kvstore", "pk": "sorl-thumbnail||image||032acef2f59474ee96e7173d3f1d512c", "fields": {"value": "{\"name\": \"cache/46/18/4618c539b58e485847c4f8fc87007da2.jpg\", \"storage\": \"django.core.files.storage.FileSystemStorage\", \"size\": [960, 339]}"}}, {"model": "thumbnail.kvstore", "pk": "sorl-thumbnail||image||044ac34496671117fcf195f798acaba3", "fields": {"value": "{\"name\": \"cache/27/ff/27fffef9da24dee651dc01b7a90cabc5.jpg\", \"storage\": \"django.core.files.storage.FileSystemStorage\", \"size\": [960, 339]}"}}, {"model": "thumbnail.kvstore", "pk": "sorl-thumbnail||image||0578afce06bbe36076335be779f91eb3", "fields": {"value": "{\"name\": \"cache/9b/49/9b4968121915a3f0548b8327629dcf43.jpg\", \"storage\": \"django.core.files.storage.FileSystemStorage\", \"size\": [960, 339]}"}}, {"model": "thumbnail.kvstore", "pk": "sorl-thumbnail||image||0c7ec1321ac2fbf94d92b9aec4d247a6", "fields": {"value": "{\"name\": \"posts/zDl3RwxR1ZU.jpg\", \"storage\": \"django.core.files.storage.FileSystemStorage\", \"size\": [2560, 1645]}"}}, {"model": "thumbnail.kvstore", "pk": "sorl-thumbnail||image||138bab3af25ff79fb76e82042485094f", "fields": {"value": "{\"name\": \"cache/18/7a/187ac8e55dd3cf4d999c88907c2d3cb0.jpg\", \"storage\": \"django.core.files.storage.FileSystemStorage\", \"size\": [960, 339]}"}}, {"model": "thumbnail.kvstore", "pk": "sorl-thumbnail||image||24488a8d6395f2281f5a71bdffef3425", "fields": {"value": "{\"name\": \"cache/a7/16/a716167fcc99bd50e0fea96a98f4bb0d.jpg\", \"storage\": \"django.core.files.storage.FileSystemStorage\", \"size\": [960, 339]}"}}, {"model": "thumbnail.kvstore", "pk": "sorl-thumbnail||image||359d547abd3d07c230f83095850378e8", "fields": {"value": "{\"name\": \"cache/a0/dd/a0ddf982bef5eb066650d98941824148.jpg\", \"storage\": \"django.core.files.storage.FileSystemStorage\", \"size\": [960, 339]}"}}, {"model": "thumbnail.kvstore", "pk": "sorl-thumbnail||image||369d737cce2e97a26cb8e61b8640505a", "fields": {"value": "{\"name\": \"cache/a7/67/a767f5055ba4bd5832cd45877df340f8.jpg\", \"storage\": \"django.core.files.storage.FileSystemStorage\", \"size\": [960, 339]}"}}, {"model": "thumbnail.kvstore", "pk": "sorl-thumbnail||image||3a9360c006a71d5fe2fad94b3fbafc39", "fields": {"value": "{\"name\": \"cache/f4/2a/f42a7531b2259f90e384260458201c5f.jpg\", \"storage\": \"django.core.files.storage.FileSystemStorage\", \"size\": [960, 339]}"}}, {"model": "thumbnail.kvstore", "pk": "sorl-thumbnail||image||3f66642c87dbfa4af687fe1187aec4d7", "fields": {"value": "{\"name\": \"posts/image-placeholder-title.jpg\", \"storage\": \"django.core.files.storage.FileSystemStorage\", \"size\": [1200, 673]}"}}, {"model": "thumbnail.kvstore", "pk": "sorl-thumbnail||image||42fe4ff1e605ef945a00cd01d6e33340", "fields": {"value": "{\"name\": \"cache/59/19/591981ca37bce8aff5e605868db58992.jpg\", \"storage\": \"django.core.files.storage.FileSystemStorage\", \"size\": [960, 339]}"}}, {"model": "thumbnail.kvstore", "pk": "sorl-thumbnail||image||4e785986ddec8a71edd59a9098df0c9f", "fields": {"value": "{\"name\": \"cache/84/d2/84d26ac3d5e78efb2f29db62095daddd.jpg\", \"storage\": \"django.core.files.storage.FileSystemStorage\", \"size\": [960, 339]}"}}, {"model": "thumbnail.kvstore", "pk": "sorl-thumbnail||image||5083ed22f2084008d7e329b3529766a2", "fields": {"value": "{\"name\": \"cache/fc/48/fc48b861f53533ea522f87cf224cf2e5.jpg\", \"storage\": \"django.core.files.storage.FileSystemStorage\", \"size\": [960, 339]}"}}, {"model": "thumbnail.kvstore", "pk": "sorl-thumbnail||image||53be324db3caccb5fc4452ab3c25a23e", "fields": {"value": "{\"name\": \"cache/f3/27/f32729467e25867d990d1637b867c8d2.jpg\", \"storage\": \"django.core.files.storage.FileSystemStorage\", \"size\": [960, 339]}"}}, {"model": "thumbnail.kvstore", "pk": "sorl-thumbnail||image||551300b5e807fd1faaf846cd72be8053", "fields": {"value": "{\"name\": \"cache/e0/23/e023f093073b4c903c12dec92b516148.jpg\", \"storage\": \"django.core.files.storage.FileSystemStorage\", \"size\": [960, 339]}"}}, {"model": "thumbnail.kvstore", "pk": "sorl-thumbnail||image||5591e09ce300cb378549d932603ae727", "fields": {"value": "{\"name\": \"cache/5d/97/5d974c4499f08a754bf7320b3e15ef73.jpg\", \"storage\": \"django.core.files.storage.FileSystemStorage\", \"size\": [960, 339]}"}}, {"model": "thumbnail.kvstore", "pk": "sorl-thumbnail||image||5ed6f61e0f8e4999166b9419eebfc429", "fields": {"value": "{\"name\": \"posts/01_MeerKAT_GC_Galactic_Centre_dual_colour_highres.jpg\", \"storage\": \"django.core.files.storage.FileSystemStorage\", \"size\": [2000, 1125]}"}}, {"model": "thumbnail.kvstore", "pk": "sorl-thumbnail||image||64a6856c7511e47dc2460259476cc0ed", "fields": {"value": "{\"name\": \"cache/ba/b6/bab6a1b02d8e9be4b6279e2fb0c35d1f.jpg\", \"storage\": \"django.core.files.storage.FileSystemStorage\", \"size\": [960, 339]}"}}, {"model": "thumbnail.kvstore", "pk": "sorl-thumbnail||image||6651239ec6ce11978bb4264525b9f956", "fields": {"value": "{\"name\": \"cache/90/d7/90d737f4992a93b7bd619cb6b47fd8dc.jpg\", \"storage\": \"django.core.files.storage.FileSystemStorage\", \"size\": [960, 339]}"}}, {"model": "thumbnail.kvstore", "pk": "sorl-thumbnail||image||6997892da54db4dd136184cd347cd45c", "fields": {"value": "{\"name\": \"posts/59b25d9185600a2eb240f4d9_DoRh34O.jpg\", \"storage\": \"django.core.files.storage.FileSystemStorage\", \"size\": [1920, 1080]}"}}, {"model": "thumbnail.kvstore", "pk": "sorl-thumbnail||image||6e2bc5b4fb3824e972d7b97070b93d94", "fields": {"value": "{\"name\": \"posts/5Jd-H5tjLrg.jpg\", \"storage\": \"django.core.files.storage.FileSystemStorage\", \"size\": [807, 581]}"}}, {"model": "thumbnail.kvstore", "pk": "sorl-thumbnail||image||6e9ab50706b308d52b8a48a0e2708db8", "fields": {"value": "{\"name\": \"posts/d009ae1ac6ddec3064be93a8a3960e26.jpg\", \"storage\": \"django.core.files.storage.FileSystemStorage\", \"size\": [700, 432]}"}}, {"model": "thumbnail.kvstore", "pk": "sorl-thumbnail||image||765c02ef963d561da616e42f2ce80e37", "fields": {"value": "{\"name\": \"posts/d009ae1ac6ddec3064be93a8a3960e26_IfUqZzP.jpg\", \"storage\": \"django.core.files.storage.FileSystemStorage\", \"size\": [700, 432]}"}}, {"model": "thumbnail.kvstore", "pk": "sorl-thumbnail||image||793a5de2d0cf6399624c3f2b07ee28a4", "fields": {"value": "{\"name\": \"posts/5fb7847615e9f9542c4ab4a8.jpg\", \"storage\": \"django.core.files.storage.FileSystemStorage\", \"size\": [900, 1134]}"}}, {"model": "thumbnail.kvstore", "pk": "sorl-thumbnail||image||7c92f5ea07ca276574d48a90c18ca709", "fields": {"value": "{\"name\": \"cache/5c/a1/5ca1efef51dc4aaf15429d7aae7415c1.jpg\", \"storage\": \"django.core.files.storage.FileSystemStorage\", \"size\": [960, 339]}"}}, {"model": "thumbnail.kvstore", "pk": "sorl-thumbnail||image||7e05a1bf5d8db737246095b086109b4c", "fields": {"value": "{\"name\": \"posts/bBkErgnegKM.jpg\", \"storage\": \"django.core.files.storage.FileSystemStorage\", \"size\": [2560, 1133]}"}}, {"model": "thumbnail.kvstore", "pk": "sorl-thumbnail||image||87e4d26e983cb14811f491dde46fd2aa", "fields": {"value": "{\"name\": \"posts/wLZaBCnuSWM.jpg\", \"storage\": \"django.core.files.storage.FileSystemStorage\", \"size\": [2560, 1331]}"}}, {"model": "thumbnail.kvstore", "pk": "sorl-thumbnail||image||8bc269c5efe03957c1b57101e75661a1", "fields": {"value": "{\"name\": \"posts/1631252092_20-papik-pro-p-programmist-karikatura-24.jpg\", \"storage\": \"django.core.files.storage.FileSystemStorage\", \"size\": [930, 968]}"}}, {"model": "thumbnail.kvstore", "pk": "sorl-thumbnail||image||9a33ddc8c10cced4244e59adedd355b9", "fields": {"value": "{\"name\": \"posts/images_4.jpeg\", \"storage\": \"django.core.files.storage.FileSystemStorage\", \"size\": [267, 188]}"}}, {"model": "thumbnail.kvstore", "pk": "sorl-thumbnail||image||9b0d205da019e80ad06fd8d2159e9103", "fields": {"value": "{\"name\": \"cache/7b/8f/7b8fffe565cb0cee4c9f89c2d6093566.jpg\", \"storage\": \"django.core.files.storage.FileSystemStorage\", \"size\": [960, 339]}"}}, {"model": "thumbnail.kvstore", "pk": "sorl-thumbnail||image||a42dc5c7793388c15788caf42bc38bf3", "fields": {"value": "{\"name\": \"posts/jZd66BD5mKM.jpg\", \"storage\": \"django.core.files.storage.FileSystemStorage\", \"size\": [2560, 714]}"}}, {"model": "thumbnail.kvstore", "pk": "sorl-thumbnail||image||a4f8f795a9f98acd8f6b0430c59ec306", "fields": {"value": "{\"name\": \"cache/20/3e/203e19d0a8a18658e7aef7d4b3a49a23.jpg\", \"storage\": \"django.core.files.storage.FileSystemStorage\", \"size\": [96, 33]}"}}, {"model": "thumbnail.kvstore", "pk": "sorl-thumbnail||image||a94ee546878f91ff1f2b1f53a0d2481f", "fields": {"value": "{\"name\": \"cache/b0/9f/b09f3b8063c63913ba06f4b86bcb4d54.jpg\", \"storage\": \"django.core.files.storage.FileSystemStorage\", \"size\": [960, 339]}"}}, {"model": "thumbnail.kvstore", "pk": "sorl-thumbnail||image||a998bb1998e660d24cc17ac320e771a3", "fields": {"value": "{\"name\": \"cache/73/c9/73c9a0afc0fef5f20c7b65a405e2dfa9.jpg\", \"storage\": \"django.core.files.storage.FileSystemStorage\", \"size\": [960, 339]}"}}, {"model": "thumbnail.kvstore", "pk": "sorl-thumbnail||image||ac6d5fbc7a70e9115a05f3be62677974", "fields": {"value": "{\"name\": \"posts/images.jpeg\", \"storage\": \"django.core.files.storage.FileSystemStorage\", \"size\": [290, 174]}"}}, {"model": "thumbnail.kvstore", "pk": "sorl-thumbnail||image||b0812ca05180a3a6755da3afd9d217f2", "fields": {"value": "{\"name\": \"cache/61/d4/61d4b65a3bddd0cef8b2d60f6b6f69bb.jpg\", \"storage\": \"django.core.files.storage.FileSystemStorage\", \"size\": [960, 339]}"}}, {"model": "thumbnail.kvstore", "pk": "sorl-thumbnail||image||b495ee886463d501fbf5e965749c0ddf", "fields": {"value": "{\"name\": \"posts/bBkErgnegKM_gE4XMnS.jpg\", \"storage\": \"django.core.files.storage.FileSystemStorage\", \"size\": [2560, 1133]}"}}, {"model": "thumbnail.kvstore", "pk": "sorl-thumbnail||image||bb3485e74eb520a396655c31a28c2e80", "fields": {"value": "{\"name\": \"posts/images_2.jpeg\", \"storage\": \"django.core.files.storage.FileSystemStorage\", \"size\": [268, 188]}"}}, {"model": "thumbnail.kvstore", "pk": "sorl-thumbnail||image||bc2fa555fb766ac4f26a9699f45121db", "fields": {"value": "{\"name\": \"cache/52/8d/528dfd05c516d69cdbcee2c2658a325e.jpg\", \"storage\": \"django.core.files.storage.FileSystemStorage\", \"size\": [960, 339]}"}}, {"model": "thumbnail.kvstore", "pk": "sorl-thumbnail||image||bcf1f60922087b43c9c1f1e3d7936d17", "fields": {"value": "{\"name\": \"posts/download.jpeg\", \"storage\": \"django.core.files.storage.FileSystemStorage\", \"size\": [337, 150]}"}}, {"model": "thumbnail.kvstore", "pk": "sorl-thumbnail||image||be6e924d4fb8bd7c90f20917f6071857", "fields": {"value": "{\"name\": \"cache/46/b5/46b521a88d746ab2c86949f1cde6e6bc.jpg\", \"storage\": \"django.core.files.storage.FileSystemStorage\", \"size\": [960, 339]}"}}, {"model": "thumbnail.kvstore", "pk": "sorl-thumbnail||image||c8ce8f3a46dade930f1d5f49ddc9d409", "fields": {"value": "{\"name\": \"posts/59b25d9185600a2eb240f4d9.jpg\", \"storage\": \"django.core.files.storage.FileSystemStorage\", \"size\": [1920, 1080]}"}}, {"model": "thumbnail.kvstore", "pk": "sorl-thumbnail||image||ca3062b0d17aecff6a6028ee7adc82e5", "fields": {"value": "{\"name\": \"posts/jZd66BD5mKM_I09rhmh.jpg\", \"storage\": \"django.core.files.storage.FileSystemStorage\", \"size\": [2560, 714]}"}}, {"model": "thumbnail.kvstore", "pk": "sorl-thumbnail||image||d2e13d122f6295e389530e251f0b1e72", "fields": {"value": "{\"name\": \"posts/image-placeholder-title_vB3oGja.jpg\", \"storage\": \"django.core.files.storage.FileSystemStorage\", \"size\": [1200, 673]}"}}, {"model": "thumbnail.kvstore", "pk": "sorl-thumbnail||image||d81f16c0a508fa7e732cd0418f8419f5", "fields": {"value": "{\"name\": \"posts/ZYeqw1_1Rp8.jpg\", \"storage\": \"django.core.files.storage.FileSystemStorage\", \"size\": [756, 1116]}"}}, {"model": "thumbnail.kvstore", "pk": "sorl-thumbnail||image||f1b6eae2bbd563efb12147ee32bb5252", "fields": {"value": "{\"name\": \"posts/5fb7847615e9f9542c4ab4a8_UGUMTIf.jpg\", \"storage\": \"django.core.files.storage.FileSystemStorage\", \"size\": [900, 1134]}"}}, {"model": "thumbnail.kvstore", "pk": "sorl-thumbnail||image||f3711b6f1cbf5ef4325e8ef264824b05", "fields": {"value": "{\"name\": \"posts/1_x-1M7ArBfA20RQd9Mm2kJw.jpeg\", \"storage\": \"django.core.files.storage.FileSystemStorage\", \"size\": [3543, 2365]}"}}, {"model": "thumbnail.kvstore", "pk": "sorl-thumbnail||thumbnails||0c7ec1321ac2fbf94d92b9aec4d247a6", "fields": {"value": "[\"369d737cce2e97a26cb8e61b8640505a\"]"}}, {"model": "thumbnail.kvstore", "pk": "sorl-thumbnail||thumbnails||3f66642c87dbfa4af687fe1187aec4d7", "fields": {"value": "[\"b0812ca05180a3a6755da3afd9d217f2\"]"}}, {"model": "thumbnail.kvstore", "pk": "sorl-thumbnail||thumbnails||5ed6f61e0f8e4999166b9419eebfc429", "fields": {"value": "[\"53be324db3caccb5fc4452ab3c25a23e\"]"}}, {"model": "thumbnail.kvstore", "pk": "sorl-thumbnail||thumbnails||6997892da54db4dd136184cd347cd45c", "fields": {"value": "[\"a998bb1998e660d24cc17ac320e771a3\"]"}}, {"model": "thumbnail.kvstore", "pk": "sorl-thumbnail||thumbnails||6e2bc5b4fb3824e972d7b97070b93d94", "fields": {"value": "[\"044ac34496671117fcf195f798acaba3\"]"}}, {"model": "thumbnail.kvstore", "pk": "sorl-thumbnail||thumbnails||6e9ab50706b308d52b8a48a0e2708db8", "fields": {"value": "[\"138bab3af25ff79fb76e82042485094f\"]"}}, {"model": "thumbnail.kvstore", "pk": "sorl-thumbnail||thumbnails||765c02ef963d561da616e42f2ce80e37", "fields": {"value": "[\"9b0d205da019e80ad06fd8d2159e9103\"]"}}, {"model": "thumbnail.kvstore", "pk": "sorl-thumbnail||thumbnails||793a5de2d0cf6399624c3f2b07ee28a4", "fields": {"value": "[\"7c92f5ea07ca276574d48a90c18ca709\"]"}}, {"model": "thumbnail.kvstore", "pk": "sorl-thumbnail||thumbnails||7e05a1bf5d8db737246095b086109b4c", "fields": {"value": "[\"4e785986ddec8a71edd59a9098df0c9f\"]"}}, {"model": "thumbnail.kvstore", "pk": "sorl-thumbnail||thumbnails||87e4d26e983cb14811f491dde46fd2aa", "fields": {"value": "[\"032acef2f59474ee96e7173d3f1d512c\"]"}}, {"model": "thumbnail.kvstore", "pk": "sorl-thumbnail||thumbnails||8bc269c5efe03957c1b57101e75661a1", "fields": {"value": "[\"027f580d76e2b8ec508920435bf30a1e\", \"24488a8d6395f2281f5a71bdffef3425\", \"a4f8f795a9f98acd8f6b0430c59ec306\"]"}}, {"model": "thumbnail.kvstore", "pk": "sorl-thumbnail||thumbnails||9a33ddc8c10cced4244e59adedd355b9", "fields": {"value": "[\"42fe4ff1e605ef945a00cd01d6e33340\"]"}}, {"model": "thumbnail.kvstore", "pk": "sorl-thumbnail||thumbnails||a42dc5c7793388c15788caf42bc38bf3", "fields": {"value": "[\"3a9360c006a71d5fe2fad94b3fbafc39\"]"}}, {"model": "thumbnail.kvstore", "pk": "sorl-thumbnail||thumbnails||ac6d5fbc7a70e9115a05f3be62677974", "fields": {"value": "[\"a94ee546878f91ff1f2b1f53a0d2481f\"]"}}, {"model": "thumbnail.kvstore", "pk": "sorl-thumbnail||thumbnails||b495ee886463d501fbf5e965749c0ddf", "fields": {"value": "[\"5083ed22f2084008d7e329b3529766a2\"]"}}, {"model": "thumbnail.kvstore", "pk": "sorl-thumbnail||thumbnails||bb3485e74eb520a396655c31a28c2e80", "fields": {"value": "[\"0578afce06bbe36076335be779f91eb3\"]"}}, {"model": "thumbnail.kvstore", "pk": "sorl-thumbnail||thumbnails||bcf1f60922087b43c9c1f1e3d7936d17", "fields": {"value": "[\"5591e09ce300cb378549d932603ae727\"]"}}, {"model": "thumbnail.kvstore", "pk": "sorl-thumbnail||thumbnails||c8ce8f3a46dade930f1d5f49ddc9d409", "fields": {"value": "[\"64a6856c7511e47dc2460259476cc0ed\"]"}}, {"model": "thumbnail.kvstore", "pk": "sorl-thumbnail||thumbnails||ca3062b0d17aecff6a6028ee7adc82e5", "fields": {"value": "[\"359d547abd3d07c230f83095850378e8\"]"}}, {"model": "thumbnail.kvstore", "pk": "sorl-thumbnail||thumbnails||d2e13d122f6295e389530e251f0b1e72", "fields": {"value": "[\"6651239ec6ce11978bb4264525b9f956\"]"}}, {"model": "thumbnail.kvstore", "pk": "sorl-thumbnail||thumbnails||d81f16c0a508fa7e732cd0418f8419f5", "fields": {"value": "[\"bc2fa555fb766ac4f26a9699f45121db\"]"}}, {"model": "thumbnail.kvstore", "pk": "sorl-thumbnail||thumbnails||f1b6eae2bbd563efb12147ee32bb5252", "fields": {"value": "[\"551300b5e807fd1faaf846cd72be8053\"]"}}, {"model": "thumbnail.kvstore", "pk": "sorl-thumbnail||thumbnails||f3711b6f1cbf5ef4325e8ef264824b05", "fields": {"value": "[\"be6e924d4fb8bd7c90f20917f6071857\"]"}}]